# nombre_artista;nombre_album;nombre_cancion;popularidad;duracion_ms;track_id
bizarrap;Quevedo: Bzrp Music Sessions, Vol. 52;Quevedo: Bzrp Music Sessions, Vol. 52;99;198937;2tTmW7RDtMQtBk7m2rYeSw
manuel turizo;La Bachata;La Bachata;98;162637;5ww2BF9slyYgNOk37BlC4u
joji;Glimpse of Us;Glimpse of Us;94;233456;6xGruZOHLs39ZbVccQTuPZ
beyoncé;RENAISSANCE;CUFF IT;93;225388;1xzi1Jcr7mEi9K2RfzLOqS
harry styles;As It Was;As It Was;95;167303;4LRPiXqCikLlN15c3yImP7
harry styles;Harry's House;As It Was;92;167303;4Dvkj6JhhA12EX05fT7y2e
harry styles;Fine Line;Watermelon Sugar;89;174000;6UelLqGlWMcVH1E5c4H7lY
rema;Calm Down (with Selena Gomez);Calm Down (with Selena Gomez);92;239317;0WtM2NBVQNNJLh6scP13H8
luar la l;L3tra;Caile;91;141340;6i1g5ZRmJZAkDwBaUZ3f2i
elley duhé;MIDDLE OF THE NIGHT;MIDDLE OF THE NIGHT;90;184447;58HvfVOeJY7lUuCqF0m3ly
beach weather;Chit Chat;Sex, Drugs, Etc.;90;196784;7DbdUf8aHSYoliSjO6LZv6
pablo pesadilla;BABY OTAKU;BABY OTAKU;88;176470;0kTMK4gNFfLXaTb62w1UaJ
olivia rodrigo;SOUR;drivers license;88;242013;5wANPM4fQCJwkGd4rN57mH
olivia rodrigo;SOUR;traitor;88;229226;5CZ40GBx1sQ9agT82CLQCT
olivia rodrigo;SOUR;good 4 u;88;178146;4ZtFanR9U6ndgddUvNcjcG
olivia rodrigo;SOUR;deja vu;87;215506;6HU7h9RYOaPRFeh0R3UeAr
olivia rodrigo;SOUR;happier;86;175933;2tGvwE8GcFKwNdAXMnlbfl
yung gravy;Betty (Get Money);Betty (Get Money);87;146470;4cacyP5c3PMlfnyjpg13xW
lewis capaldi;Divinely Uninspired To A Hellish Extent;Someone You Loved;87;182160;7qEHsqek33rTcFNT9PFqLf
conan gray;Kid Krow;Heather;87;198040;4xqrdfXkTW4T0RauPLv3WA
benson boone;In The Stars;In The Stars;86;216410;1ei3hzQmrgealgRKFxIcWn
ruth b.;Safe Haven;Dandelions;90;233720;2eAvDnpXP5W0cVtiI0PUxV
ruth b.;Dandelions (slowed + reverb);Dandelions - slowed + reverb;81;268717;6fhG2KJgwO7CrNflRaRmvp
j. cole;2014 Forest Hills Drive;No Role Modelz;88;292799;68Dni7IE4VyPkTOH9mRWHr
j. cole;Born Sinner (Deluxe Version);She Knows (feat. Amber Coffman & Cults);82;296520;0Fs9cdPDhptWEDJmiCbkEW
piso 21;Los Cachos;Los Cachos;85;212304;5fhcuVxuBWfgNXGuyAtLmr
james arthur;Back from the Edge;Say You Won't Let Go;85;211466;5uCax9HTNlzGybIStD3vDh
mora;MICRODOSIS;LA INOCENTE;89;202173;5jt25aFjW2kNoBqaEVaz5W
mora;MICRODOSIS;MEMORIAS;85;228750;2hLXUbsOU9cDb9RFva9FYr
mora;Volando (Remix);Volando - Remix;83;273474;0G2zPzWqVjR68iNPmx2TBe
mora;MICRODOSIS;TUS LÁGRIMAS;80;174482;30W8VKHrAZmHzObnwAoc1u
the kid laroi;STAY (with Justin Bieber);STAY (with Justin Bieber);89;141805;5HCyWlXZPP0y6Gqq8TgA20
the kid laroi;F*CK LOVE 3: OVER YOU;STAY (with Justin Bieber);86;141805;5PjdY0CKGZdEuoNab3yDmX
the kid laroi;Thousand Miles;Thousand Miles;81;164781;1r8ZCjfrQxoy2wVaBUbpwg
the kid laroi;F*CK LOVE (SAVAGE);WITHOUT YOU;80;161384;27OeeYzk6klgBh83TSvGMA
yot club;Bipolar;YKWIM?;84;212750;2vWBUC9djv6BtiGlmKiQaH
foster the people;Torches;Pumped Up Kicks;84;239600;7w87IxuO7BDcJ3YUqCyMTT
ive;After LIKE;After LIKE;88;176973;2gYj9lubBorOPIVWsTXugG
ive;LOVE DIVE;LOVE DIVE;85;177186;0Q5VnK2DYzRyfqQRJuUtvi
ive;ELEVEN;ELEVEN;79;178453;7n2FZQsaLb7ZRfRPfEeIvr
tate mcrae;you broke me first;you broke me first;84;169265;45bE4HXI0AwGZXfZtMp8JR
giveon;TAKE TIME;Heartbreak Anniversary;84;198370;3FAJ6O0NOHQV8Mc5Ri6ENp
morgan wallen;You Proof;You Proof;86;157477;5uU1uuyaUIBOiiUSQG7Wl3
morgan wallen;Dangerous: The Double Album;Wasted On You;83;178520;3cBsEDNhFI9E82vPj3kvi3
morgan wallen;If I Know Me;Whiskey Glasses;81;234346;6foY66mWZN0pSRjZ408c00
kendrick lamar;DAMN.;HUMBLE.;84;177000;7KXjTSCq5nL1LoYtL7XAwS
kendrick lamar;Black Panther The Album Music From And Inspired By;All The Stars (with SZA);83;232186;3GCdLUSnKSMJhs4Tj6CV3s
kendrick lamar;Mr. Morale & The Big Steppers;N95;83;195950;0fX4oNGBWO3dSGUZcVdVV2
kendrick lamar;Mr. Morale & The Big Steppers;Die Hard;82;239026;2g6tReTlM2Akp41g0HaeXN
50 cent;Get Rich Or Die Tryin';In Da Club;83;193466;7iL6o9tox1zgHpKUfh9vuC
vacations;Vibes;Young;83;189160;1KIJclzEbNhSVw8tiHPWwE
aventura;Volví;Volví;83;230125;2vmfvSoZBFAt9hhRoEByLi
one direction;FOUR (Deluxe);Night Changes;88;226600;5O2P9iiztwhomNh8xkR9lJ
one direction;Up All Night;What Makes You Beautiful;84;199986;4cluDES4hQEUhmXj6TXkSo
one direction;Midnight Memories (Deluxe);Story of My Life;83;245493;4nVBt6MZDDP6tRVdQTgxJg
one direction;FOUR (Deluxe);Steal My Girl;80;228133;2Bs4jQEGMycglOfWPBqrVG
one direction;Made In The A.M. (Deluxe Edition);Drag Me Down;80;192120;2K87XMYnUMqLcX3zvtAF4G
24kgoldn;El Dorado;Mood (feat. iann dior);83;140533;4jPy3l0RUwlUI9T5XHBW2m
capital cities;In A Tidal Wave Of Mystery (Deluxe Edition);Safe And Sound;83;192789;6Z8R6UsFuGXGtiIxiD8ISb
toto;Toto IV;Africa;83;295893;2374M0fQpWi3dLnB54qaLX
chris brown;Indigo (Extended);Under The Influence;96;184613;5IgjP7X4th6nMNDh4akUHb
chris brown;Indigo;No Guidance (feat. Drake);80;260640;6XHVuErjQ4XNm6nDPVCxVX
chris brown;Slime & B;Go Crazy;78;176960;1IIKrJVP1C9N7iPtG6eOsK
chris brown;Under The Influence;Under The Influence (Body Language);77;148750;71mHO4fFmS2Xu5XxZbcRND
lil nas x;STAR WALKIN' (League of Legends Worlds Anthem);STAR WALKIN' (League of Legends Worlds Anthem);90;210575;38T0tPVZHcPZyhtOcCP7pF
lil nas x;MONTERO;THATS WHAT I WANT;87;143901;0e8nrvls4Qqv5Rfa2UhqmO
lil nas x;INDUSTRY BABY (feat. Jack Harlow);INDUSTRY BABY (feat. Jack Harlow);86;212000;27NovPIUIRrOZoCHxABJwK
lil nas x;MONTERO;MONTERO (Call Me By Your Name);83;137704;1SC5rEoYDGUK4NfG82494W
lil nas x;MONTERO;INDUSTRY BABY (feat. Jack Harlow);81;212352;5Z9KJZvQzH6PFmb8SNkxuk
lil nas x;MONTERO (Call Me By Your Name);MONTERO (Call Me By Your Name);79;137875;67BtfxlNbhBmCDR2L2l8qd
lil nas x;7 EP;Old Town Road - Remix;79;157066;2YpeDb67231RjR0MgVLzsG
lil nas x;7 EP;Old Town Road;77;113000;0F7FA14euOIX8KcbEturGH
eminem;The Eminem Show;Without Me;88;290320;7lQ8MOhq6IN2w8EYcFNSUk
eminem;The Marshall Mathers LP;The Real Slim Shady;87;284200;3yfqSUWxFvZELEM4PmlwIR
eminem;The Eminem Show;Till I Collapse;86;297786;4xkOaSrkexMciUUogZKVTS
eminem;The Eminem Show;Superman;86;350320;4woTEX1wYOTGDqNXuavlRC
eminem;The Marshall Mathers LP;Stan;85;404106;3UmaczJpikHgJFyBTAJVoz
eminem;Music To Be Murdered By;Godzilla (feat. Juice WRLD);83;210800;7FIWs0pqAYbP91WWM0vlTQ
eminem;Recovery;Love The Way You Lie;83;263373;15JINEqzVMv3SvJTAXAKED
eminem;Recovery;Not Afraid;81;248133;7Ie9W94M7OjPoZVV216Xus
eminem;Just Lose It;Lose Yourself - From "8 Mile" Soundtrack;79;322226;1v7L65Lzy0j0vdpRjJewt1
eminem;The Marshall Mathers LP2 (Deluxe);Rap God;78;363521;6or1bKJiZ06IlK0vFvY75k
eminem;Venom (Music From The Motion Picture);Venom - Music From The Motion Picture;74;269573;3kpYJjvM8Ja6btr5hEJLWc
måneskin;Chosen;Beggin';86;211560;3Wrjm47oTz2sjIgck11l5e
måneskin;THE LONELIEST;THE LONELIEST;85;247067;1Ame8XTX6QHY0l0ahqUhgv
måneskin;Teatro d'ira - Vol. I;I WANNA BE YOUR SLAVE;83;173346;4pt5fDVTg5GhEvEtlz9dKk
måneskin;SUPERMODEL;SUPERMODEL;83;148064;63WuQOXohQIxOxIFA2K7bR
måneskin;Teatro d'ira - Vol. I;ZITTI E BUONI;76;194786;776AftMmFFAWUIEAb3lHhw
öwnboss;Move Your Body;Move Your Body;82;157444;6GomT970rCOkKAyyrwJeZi
gym class heroes;The Papercut Chronicles II;Stereo Hearts (feat. Adam Levine);82;210960;0qOnSQQF0yzuPWsXrQ9paz
riton;Friday (feat. Mufasa & Hypeman) [Dopamine Re-Edit];Friday (feat. Mufasa & Hypeman) - Dopamine Re-Edit;82;169153;4cG7HUWYHBV6R6tHn1gxrl
french montana;Jungle Rules;Unforgettable;82;233901;3B54sVLJ402zGa6Xm4YGNe
a$ap rocky;TESTING;Praise The Lord (Da Shine) (feat. Skepta);82;205040;7ycWLEP1GsNjVvcjawXz3z
new west;Those Eyes;Those Eyes;82;220750;2GThBgzZoZfz0lx1JjBwfe
duki;She Don't Give a Fo;She Don't Give a Fo;82;209531;03a359wbiUsjN9h6yzXvmS
børns;Dopamine;Electric Love;82;218106;2GiJYvgVaD2HtM8GqD9EgQ
mkto;MKTO;Classic;82;175426;6FE2iI43OZnszFLuLtvvmg
train;Save Me, San Francisco (Golden Gate Edition);Hey, Soul Sister;82;216773;4HlFJV71xXKIGcU3kRyttv
drake;Honestly, Nevermind;Jimmy Cooks (feat. 21 Savage);91;218364;3F5CgOj3wFlRv51JsHbxhe
drake;Views;One Dance;85;173986;1zi7xx7UVEFkmKfv06H8x0
drake;Scorpion;God's Plan;84;198973;6DCZcSspjsKoFjzjrWoCdn
drake;Certified Lover Boy;Fair Trade (with Travis Scott);83;291175;40iJIUlhi6renaREYGeIDS
drake;Views;One Dance;66;173973;5ZKG94fnjiuMH5yrC5S9lS
tv girl;French Exit;Lovers Rock;83;213920;6dBUzqjtbnIa1TwYbyw5CM
tv girl;Who Really Cares;Not Allowed;82;167864;3IznIgmXtrUaoPWpQTy5jB
tv girl;Who Really Cares;Cigarettes out the Window;80;198960;6QeYSvYqYUsfBzsApbjDHO
mac demarco;Salad Days;Chamber Of Reflection;82;231723;7H7NyZ3G075GqPx2evsfeb
mac demarco;2;My Kind of Woman;81;190845;6jgkEbmQ2F2onEqsEhiliL
chris stapleton;Traveller;Tennessee Whiskey;81;293293;3fqwjXwUGN6vbzIwvyFMhx
jonas brothers;Happiness Begins;Sucker;81;181026;22vgEDb5hykfaTwLuskFGD
backstreet boys;Millennium;I Want It That Way;81;213306;47BBI51FKFwOMlIiX6m8ya
metro boomin;NOT ALL HEROES WEAR CAPES (Deluxe);Space Cadet (feat. Gunna);81;203266;1fewSx2d5KIZ04wsooEBOz
cults;Static;Always Forever;81;223746;2enPRFda84VE2wtI8c86Uf
liana flores;recently;rises the moon;81;161929;51Grh1RyUDcMBbpuyUIUHI
rauw alejandro;LOKERA;LOKERA;91;195294;79HZAZNnOE97rb2hnI0XQr
rauw alejandro;PUNTO 40;PUNTO 40;85;190654;2TDyyEBasw10wu5Uh94bR1
rauw alejandro;VICE VERSA;Desesperados;83;224996;6mmPpaltUZK7xjNlBPQQ0p
rauw alejandro;Desesperados;Desesperados;83;224996;6ZOcbKub95XSDESsKKuH41
rauw alejandro;Todo De Ti;Todo De Ti;82;199604;4fSIb4hdOQ151TILNsSEaF
rauw alejandro;VICE VERSA;Cúrame;79;164705;1FlL8ycld6uVDDyhV7P5FA
rauw alejandro;VICE VERSA;Todo De Ti;78;199604;3rdAz1fbUfZxYgaCviYhRo
rauw alejandro;Fantasias (Remix) [feat. Farruko & Lunay];Fantasias - Remix;67;267241;0A37XY67wSdGqkGjtfW6aV
dire straits;Dire Straits;Sultans Of Swing;81;348400;37Tmv4NnfQeb0ZgUC4fOJj
nicki minaj;Super Freaky Girl;Super Freaky Girl;92;170977;4C6Uex2ILwJi9sZXRdmqXp
nicki minaj;Queen Radio: Volume 1;Super Freaky Girl;83;170977;2yjlYDiNiQkdxVqTlaSrlX
nicki minaj;Pink Friday: Roman Reloaded The Re-Up (Explicit Version);High School;67;218746;3UrNOHCzVxX2KZbNcKQAyu
bad bunny;Un Verano Sin Ti;Me Porto Bonito;97;178567;6Sq7ltF9Qa7SNFBsV5Cogx
bad bunny;Un Verano Sin Ti;Tití Me Preguntó;97;243716;1IHWl5LamUGEuP4ozKQSXZ
bad bunny;Un Verano Sin Ti;Efecto;96;213061;5Eax0qFko2dh7Rl2lYs3bx
bad bunny;Un Verano Sin Ti;Ojitos Lindos;95;258298;3k3NWokhRRkEPhCzPmV8TW
bad bunny;Un Verano Sin Ti;Moscow Mule;94;245939;6Xom58OOXk2SoU711L2IXO
bad bunny;Un Verano Sin Ti;Neverita;93;173119;31i56LZnwE6uSu3exoHjtB
bad bunny;Un Verano Sin Ti;Tarot;91;237894;41oY4WCTj5kccfesTVFnvN
bad bunny;Un Verano Sin Ti;Party;90;227628;4tYFy8ALRjIZvnvSLw5lxN
bad bunny;Un Verano Sin Ti;La Corriente;90;198367;1797zYiX4cKosMH836X9Gt
bad bunny;Yonaguni;Yonaguni;87;206710;2JPLbjOn0wPCngEot2STUS
bad bunny;Un Verano Sin Ti;Un Ratito;87;176936;5CzixCxDkRXX9mScCmah8O
bad bunny;Un Verano Sin Ti;Dos Mil 16;87;208615;4d4ZXH4dr5bYfgErHiZCX2
bad bunny;Un Verano Sin Ti;Un Coco;87;196412;6VrQTLzzuyGIYjUDe4kAZk
bad bunny;Un Verano Sin Ti;Andrea;86;339611;44XjoNvtwevktFKjvVe1vH
bad bunny;Un Verano Sin Ti;Otro Atardecer;85;244444;0E0DRHf5PfMeor0ZCwB3oT
bad bunny;Un Verano Sin Ti;Yo No Soy Celoso;85;230704;5kVZxyMY1gfdCLiChsfjn1
bad bunny;Un Verano Sin Ti;Me Fui de Vacaciones;85;180929;28GCbKgjlVD9eDmasGbe0T
bad bunny;YHLQMDLG;La Santa;84;206420;69vlMrzHwATKzupwNcUPyK
bad bunny;Un Verano Sin Ti;Enséñame a Bailar;84;176000;2NMjggapJcXXM7WccGEBUO
bad bunny;Un Verano Sin Ti;Aguacero;84;210989;2uflssWlCaJ6CbTMOsUpNI
bad bunny;DÁKITI;DÁKITI;83;205090;47EiUVwUp4C9fGccaPuUCS
bad bunny;Diles;Diles;83;286040;6C1RD7YQVvt3YQj0CmuTeu
bad bunny;X 100PRE;Si Estuviésemos Juntos;83;169247;35wvL50xvKpCHEJPxLOLPI
bad bunny;YHLQMDLG;A Tu Merced;83;175918;4r9jkMEnArtWGH2rL2FZl0
bad bunny;Un Verano Sin Ti;Agosto;83;139041;0wihfILRNOwE2156Shezc8
bad bunny;Un Verano Sin Ti;El Apagón;83;201816;0UvZcEfpzVyx47QsRbjyBz
bad bunny;EL ÚLTIMO TOUR DEL MUNDO;LA NOCHE DE ANOCHE;82;203200;2XIc1pqjXV3Cr2BQUGNBck
bad bunny;YHLQMDLG;Si Veo a Tu Mamá;82;170971;41wtwzCZkXwpnakmwJ239F
bad bunny;Un Verano Sin Ti;Callaita;81;250533;71wFwRo8xGc4lrcyKwsvba
bad bunny;EL ÚLTIMO TOUR DEL MUNDO;TE MUDASTE;81;130013;5RubKOuDoPn5Kj5TLVxSxY
bad bunny;EL ÚLTIMO TOUR DEL MUNDO;DÁKITI;80;205090;4MzXwWMhyBbmu6hOcLVD49
bad bunny;Callaita;Callaita;80;250533;2TH65lNHgvLxCKXM3apjxI
bad bunny;YHLQMDLG;Safaera;80;295176;2DEZmgHKAvm41k4J3R2E9Y
bad bunny;YHLQMDLG;La Difícil;80;163084;6NfrH0ANGmgBXyxgV2PeXt
bad bunny;MIA (feat. Drake);MIA (feat. Drake);79;210367;116H0KvKr2Zl4RPuVBruDO
bad bunny;YHLQMDLG;Yo Perreo Sola;79;172127;0SqqAgdovOE24BzxIClpjw
bad bunny;Vete;Vete;79;192024;5DxXgozhkPLgrbKFY91w0c
bad bunny;YHLQMDLG;La Zona;79;136892;5kqNIqFjijuzvVLhuY9B8j
bad bunny;X 100PRE;La Romana;77;300579;1khmgu0pveJbkbpbkyvcQv
bad bunny;X 100PRE;MIA;65;210367;3gE4eQH3K83Sght0ZLvuBK
bad bunny;New Pop Icons;MIA;0;210367;5hnGly9RuGiixupoVrLTNI
bad bunny;Today's Party Hits;MIA;0;210367;0tQyUsejipsHr5BEdx7wLX
mark ronson;Uptown Special;Uptown Funk (feat. Bruno Mars);83;269666;32OlwWuMpZ6b0aN2RZOeMS
mark ronson;Nothing Breaks Like a Heart (feat. Miley Cyrus);Nothing Breaks Like a Heart (feat. Miley Cyrus);78;217466;27rdGxbavYJeBphck5MZAF
ricky montgomery;Montgomery Ricky;Line Without a Hook;82;249586;5NvOZCjZaGGGL597exlQWv
ricky montgomery;Montgomery Ricky;Mr Loverman;79;216880;2IVsRhKrx8hlQBOWy4qebo
luke combs;The Kind of Love We Make;The Kind of Love We Make;82;224426;28n8z9IQKyjMPxmvYMBqZa
luke combs;This One's for You Too (Deluxe Edition);Beautiful Crazy;80;193200;2rxQMGVafnNaRaXlRMWPde
luke combs;What You See Ain't Always What You Get (Deluxe Edition);Forever After All;79;232533;6IBcOGPsniK3Pso1wHIhew
ariana grande;Positions;positions;85;172324;35mvY5S1H3J2QZyna3TFe0
ariana grande;thank u, next;7 rings;84;178626;6ocbgoVGwYJhOv1GgI9NsF
ariana grande;Stuck with U;Stuck with U (with Justin Bieber);83;228482;4HBZA5flZLE435QTztThqH
ariana grande;My Everything (Deluxe);One Last Time;83;197266;7xoUc6faLbCqZO6fQEYprd
ariana grande;thank u, next;thank u, next;82;207320;3e9HZxeyfWwjeyPAMmWSSQ
ariana grande;Positions;34+35;81;173710;6Im9k8u9iIzKMrmV7BWtlF
ariana grande;boyfriend;boyfriend (with Social House);80;186106;0Ryd8975WihbObpp5cPW1t
ariana grande;Sweetener;God is a woman;80;197546;5OCJzvD7sykQEKHH7qAC3C
ariana grande;Positions;motive (with Doja Cat);78;167989;5GkQIP5mWPi4KZLLXeuFTT
ariana grande;Sweetener;no tears left to cry;78;205920;2qT1uLXPVPzGgFOx4jtEuo
ariana grande;My Everything (Deluxe);Love Me Harder;78;236133;5J4ZkQpzMUFojo1CtAZYpn
ariana grande;thank u, next;break up with your girlfriend, i'm bored;78;190440;4kV4N9D1iKVxx1KLvtTpjS
ariana grande;Dangerous Woman;Side To Side;76;226160;44ONERBHALxftQNWq6dmyd
ariana grande;Dangerous Woman;Into You;76;244453;76FZM38RC8XaAjJ77CVTNe
declan mckenna;What Do You Think About the Car?;Brazil;80;252306;4sNG6zQBmtq7M8aeeKJRMQ
niall horan;Flicker (Deluxe);This Town;80;232852;0qvzXomUDJVaUboy2wMfiS
5 seconds of summer;Youngblood (Deluxe);Youngblood;81;203417;2iUXsYOEPhVqEBwsqP70rE
5 seconds of summer;13 Reasons Why (Season 3);Teeth;79;204887;26wLOs3ZuHJa2Ihhx6QIE6
van morrison;Blowin' Your Mind!;Brown Eyed Girl;80;183306;3yrSvpt2l1xhsV9Em88Pul
joy again;Looking Out for You;Looking Out for You;80;179499;3jfZ9M23l0L7RxzYMTgBTv
ali gatie;YOU;It's You;80;212606;5DqdesEfbRyOlSS3Tf6c29
suki waterhouse;Good Looking;Good Looking;80;214800;3L3G4XFQqtFe9a3azMacZ5
roar;I Can't Handle Change;I Can't Handle Change;80;198213;0I1eFRytp4XRhLCjT6tZm7
duncan laurence;Arcade;Arcade;80;183624;1Xi84slp6FryDSCbzq4UCD
snow patrol;Eyes Open;Chasing Cars;80;267960;5hnyJvgoWiQUYZttV4wXy6
sleep miracle;Brown Sleep Noise;Brown Sleep Noise;80;248000;5UBonaClAZVfzxJNn8nnhh
camila cabello;Bam Bam (feat. Ed Sheeran);Bam Bam (feat. Ed Sheeran);87;206070;0QBzMgT7NIeoCYy3sJCof1
camila cabello;Familia;Bam Bam (feat. Ed Sheeran);82;206070;2DB4DdfCFMw1iaR6JaR03a
camila cabello;Camila;Havana (feat. Young Thug);80;217306;1rfofaqEpACxVEHIZBJe6W
camila cabello;Romance;My Oh My (feat. DaBaby);76;170746;3yOlyBJuViE2YSGn3nVE1K
camila cabello;Camila;Never Be the Same;74;226973;4eWQlBRaTjPPUlzacqEeoQ
maroon 5;JORDI (Deluxe);Memories;85;189486;4cktbXiXOapiLBMprHFErI
maroon 5;Overexposed Track By Track;Payphone;84;231173;1XGmzt0PVuFgQYYnV2It7A
maroon 5;V (Asia Tour Edition);Animals;70;231013;3h4T9Bg8OVSUYa6danHeH5
shouse;Love Tonight (David Guetta Remix);Love Tonight - David Guetta Remix Edit;81;158095;2prnn41CblB8B4yWACDljP
shouse;Love Tonight;Love Tonight - Edit;78;241970;6OufwUcCqo81guU2jAlDVP
kodaline;In A Perfect World (Expanded Edition);All I Want;82;305746;0NlGoUyOJSuSHmngoibVAs
kodaline;Politics of Living;Brother;77;203186;65gLJGey4u4KFFqoC5fzFJ
denise julia;NVMD;NVMD;79;181224;7ArVzlFsFsQXNseVXmdOyk
selena gomez & the scene;When The Sun Goes Down;Love You Like A Love Song;81;188453;0laYHRpNTS6i8FXdupHkJ4
selena gomez & the scene;When The Sun Goes Down;Who Says;77;195613;3TcL0dyCMyr0kyTTc4NLgI
rixton;Let The Road;Me And My Broken Heart;79;193733;1oew3nFNY3vMacJAsvry0S
dynoro;In My Mind;In My Mind;79;184560;0E9ZjEAyAwOXZ7wJC0PD33
masked wolf;Astronaut In The Ocean;Astronaut In The Ocean;79;132780;3Ofmpyhv5UAQ70mENzB277
men i trust;Show Me How;Show Me How;79;215110;01TyFEZu6mHbffsVfxgrFn
girls' generation;FOREVER 1 - The 7th Album;FOREVER 1;79;202533;1oen3GpTcA486fTHaT7neg
myke towers;Luces De Neón;Luces De Neón;80;219789;5B60XFKzm8WsJTdVyt4u4I
myke towers;Ande Con Quien Ande;Ande Con Quien Ande;78;208734;6AizmGCrFRQHru1Qf8WKoJ
trevor daniel;Nicotine;Falling;79;159381;0Aqi7ArnBrGblW5T6p2jmD
aurora;All My Demons Greeting Me As A Friend (Deluxe);Runaway;79;248826;1v1oIWf2Xgh54kIWuKsDf6
the wanted;Battleground (Deluxe Edition);Glad You Came;79;197935;5yDL13y5giogKs2fSNf7sj
troye sivan;Strawberries & Cigarettes;Strawberries & Cigarettes;82;201538;3afkJSKX0EAMsJXTZnDXXJ
troye sivan;Angel Baby;Angel Baby;82;220779;2m6Ko3CY1qXNNja8AlugNc
troye sivan;Blue Neighbourhood (Deluxe);YOUTH;72;185194;0nhBKubnVz9yFNNprBniWz
tiago pzk;Nos Comemos (feat. Ozuna);Nos Comemos (feat. Ozuna);82;191086;6ojZtz3sZr6ynvejLOqgCj
tiago pzk;Traductor;Traductor;80;222857;77l75UICfUZK5k0G7WRGqg
tiago pzk;Portales;Traductor;74;222857;5x17YrAwajDUCqB8zT9ElY
nmixx;ENTWURF;DICE;82;165746;1QpwvWMQGdOgA8MXXfgs4H
nmixx;AD MARE;O.O;75;172936;3lrNsPdn98i6rxO142pLT6
nio garcia;AM Remix;AM Remix;79;261334;05bfbizlM5AX6Mf1RRyMho
nio garcia;Te Boté (Remix);Te Boté - Remix;78;417920;3V8UKqhEK5zBkBb6d6ub8i
mitski;Be the Cowboy;Washing Machine Heart;83;128198;3jjsRKEsF42ccXf8kWR3nu
mitski;Bury Me At Makeout Creek;First Love / Late Spring;79;278640;3sslYZcFKtUvIEWN9lADgr
mitski;Be the Cowboy;Nobody;78;193429;2P5yIMu2DNeMXTyOANKS6k
mitski;Bury Me At Makeout Creek;Francis Forever;78;149680;5411TEB6tlzvuF5A4oyldr
mitski;Be the Cowboy;Me and My Husband;77;137141;3pANfZVFdtuVnJsE6xa5Ox
mitski;Puberty 2;I Bet on Losing Dogs;75;170240;2Co0IjcLTSHMtodwD4gzfg
pixies;Surfer Rosa;Where Is My Mind? - Remastered;79;234973;7wCmS9TTVUcIhRalDYFgPy
pixies;Death to the Pixies;Where Is My Mind?;77;229226;0KzAbK6nItSqNh8q70tb0K
megan moroney;Tennessee Orange;Tennessee Orange;78;223119;29zZmiBDLykYYTj7RN6VhV
little mix;Glory Days (Expanded Edition);Power;78;247840;0lUSd7TCG8srh6HpIAEIWL
modjo;Modjo (Remastered);Lady - Hear Me Tonight;78;307153;49X0LAl6faAusYq02PRAY6
neil diamond;Sweet Caroline;Sweet Caroline;78;203573;62AuGbAkt8Ox2IrFFb8GKV
gambi;PETETE;PETETE;78;123846;0z3bi63SNZ5ylyHOzb81Uq
annenmaykantereit;Tom's Diner;Tom's Diner;78;269333;0oA9wBGDY4uyILLg4GymWP
beach bunny;Prom Queen;Prom Queen;82;136562;6MpCaSIOfqBqbMED4kXgNY
beach bunny;Honeymoon;Cloud 9;79;147350;6vFsBXYczYsP0H3lgunZOm
beach bunny;Sports;Sports;73;164165;77G0k1La0c5Dw8bAFANcyp
the backseat lovers;When We Were Friends;Kilby Girl;78;282205;1170VohRSx6GwE6QDCHPPH
なとり;Overdose;Overdose;78;197093;2Dzzhb1oV5ckgOjWZLraIB
le sserafim;FEARLESS;FEARLESS;83;168437;296nXCOv97WJNRWzIBQnoj
le sserafim;FEARLESS;Sour Grapes;77;196540;6wBpO4Xc4YgShnENGSFA1M
le sserafim;ANTIFRAGILE;ANTIFRAGILE;77;184444;4fsQ0K37TOXa3hEQfjEic1
le sserafim;FEARLESS;Blue Flame;75;201894;37YoRLUu1qId0ewavgvnkG
seulgi;28 Reasons - The 1st Mini Album;28 Reasons;78;189413;1dfsPqH09vnzUWEOsN98Ex
sachet-parampara;Maiyya Mainu (From "Jersey");Maiyya Mainu (From "Jersey");78;231575;4PwTeFfKqmR3XIeXXUBDOf
oasis;(What's The Story) Morning Glory? [Remastered];Wonderwall - Remastered;78;258773;5qqabIl2vWzo9ApSC317sa
pamungkas;Flying Solo;To the Bone;78;344571;3pCt2wRdBDa2kCisIdHWgF
estelle;Shine;American Boy;78;284733;22UDw8rSfLbUsaAGTXQ4Z8
shubh;No Love;No Love;83;170387;08Isz2ETWSBhvIl8UpKYsp
shubh;Baller;Baller;82;148188;42TMa2hgBNjte4uV7jNCnQ
shubh;We Rollin;We Rollin;79;199205;6ZYxNjuAU9Vy3VtF6W1dtE
shubh;Elevated;Elevated;76;200658;2AilvPt1AQ8PixlCKqkjfj
shubh;Offshore;Offshore;69;172054;4Mh04VNolWA9g97ychP72l
daft punk;Get Lucky (feat. Pharrell Williams & Nile Rodgers) [Radio Edit];Get Lucky (feat. Pharrell Williams & Nile Rodgers) - Radio Edit;82;248413;2Foc5Q5nqNiosCNqttzHof
daft punk;Random Access Memories;Instant Crush (feat. Julian Casablancas);76;337560;2cGxRwrMyEAp8dEbuZaVv6
daft punk;Random Access Memories;Get Lucky (feat. Pharrell Williams & Nile Rodgers);75;369626;69kOkLUCkxIZYexIgSG8rq
mgmt;Little Dark Age;Little Dark Age;83;299960;2Y0iGXY6m6immVb2ktbseM
mgmt;Oracular Spectacular;Kids;78;302840;1jJci4qxiYcOHhQR247rEU
mgmt;Oracular Spectacular;Electric Feel;77;229640;3FtYbEfBqAlGO46NUDQSAt
mgmt;Oracular Spectacular;Time to Pretend;72;261000;4iG2gAwKXsOcijVaVXzRPW
franz ferdinand;Franz Ferdinand;Take Me Out;79;237026;20I8RduZC2PWMWTDCZuuAN
franz ferdinand;This fffire;This fffire - New Version;76;218080;46gSk82duJtX3TTA182ruG
mother mother;O My Heart;Hayloft;78;181680;2kS6td1yvmpNgZTt1q5pQq
mother mother;Inside (Deluxe);Hayloft II;78;215040;0kYMwaQWABTkFff8AZjmYI
mother mother;O My Heart;Burning Pile;76;262173;0zMAvsQmaQ4DGsmXtKixpn
walker hayes;Country Stuff The Album;Fancy Like;77;161853;58UKC45GPNTflCN6nwCUeF
the vamps;Meet The Vamps;Somebody To You;77;185097;6VrLYoQKdhu1Jruei06t65
duke & jones;Jiggle Jiggle;Jiggle Jiggle;77;97208;1I4lCSP69P74nU3a6Su5L2
lost frequencies;Where Are You Now;Where Are You Now;88;148197;3uUuGVFu1V7jTQL60S1r8z
lost frequencies;Questions;Questions;76;177156;1cgy2FSOQMbq7DHCVgMAUA
lost frequencies;Less Is More;Are You With Me;74;138013;4255amV4enzl28KAn16rUO
lost frequencies;Less Is More;Reality;70;159480;1Mys1gf9SkMBAVGGxpkJ7d
regard;Ride It;Ride It;81;157605;2tnVG71enUj33Ic2nFN6kZ
regard;You;You;76;233386;2cc8Sw1OnCuA5bV8nqWqpE
regard;Hallucination;Hallucination;74;174794;7y3c1oJMY1CwwtOZ84Qovu
dr. dog;Shame, Shame (Deluxe Edition);Where'd All the Time Go?;77;234800;0UV5zxRMz6AO4ZwUOZNIKI
kansas;Point Of Know Return (Expanded Edition);Dust in the Wind;78;206266;6zeE5tKyr8Nu882DQhhSQI
kansas;Leftoverture (Expanded Edition);Carry on Wayward Son;76;323000;4DMKwE2E2iYDKY01C335Uw
vtornik;Money Rain (Phonk Remix);Money Rain - Phonk Remix;77;150941;4P0r0yO7HNPvOra7BHGixH
mr. probz;Waves (Robin Schulz Radio Edit);Waves - Robin Schulz Radio Edit;77;208133;1HFfMOxCAT4GAwaPfCdmUs
two feet;A 20 Something Fuck;I Feel Like I'm Drowning;78;185520;3aauaXWRgwCMoykMbI0Jq1
two feet;First Steps;Go Fuck Yourself;77;129599;4NZrZgrRoR4GwR7flWOXRI
two feet;Love Is a Bitch;Love Is a Bitch;76;181466;6MiVIH3fQlmz44jGx2DXn4
ritt momney;Put Your Records On;Put Your Records On;77;210463;6AGOKlMZWLCaEJGnaROtF9
muni long;Public Displays Of Affection;Hrs & Hrs;77;204316;3M5azWqeZbfoVkGXygatlb
bôa;Twilight;Duvet;77;203600;42qNWdLKCI41S4uzfamhFM
public;Make You Mine;Make You Mine;77;232906;5iFwAOB2TFkPJk8sMlxP8g
leehi;4 ONLY;ONLY;77;240906;6TBJkXHPhu3EsMk1bshwuI
lou bega;A Little Bit of Mambo;Mambo No. 5 (a Little Bit of...);77;220293;6x4tKaOzfNJpEJHySoiJcs
chimbala;Feliz;Feliz;77;177240;2mzDRrBn6M6rWX4bGzd1uQ
el alfa;LOS APARATOS;LOS APARATOS;82;232843;4SSbtLDkepeOHAckM1FCBP
el alfa;La Mamá de la Mamá;La Mamá de la Mamá;72;219000;2L95U6syP0bV3fkYYOzmiW
cyril kamer;Cinderella;Cinderella;77;193124;5R7l05dglCrUX0qjZ1Eec1
witt lowry;Into Your Arms (feat. Ava Max);Into Your Arms (feat. Ava Max);77;186022;0b11D9D0hMOYCIMN3OKreM
alex & sierra;It's About Us;Little Do You Know;77;185200;1almCHdsfikRPfVB9VrEdT
vaultboy;everything sucks;everything sucks;77;115401;3z06k8YF9CqX0CGFrlekOK
rachel platten;Wildfire;Fight Song;77;204013;37f4ITSlgPX81ad2EvmVQr
fun.;Some Nights;We Are Young (feat. Janelle Monáe);77;250626;5rgy6ghBq1eRApCkeUdJXf
kenny loggins;Yesterday, Today, Tomorrow - The Greatest Hits Of Kenny Loggins;Danger Zone - From "Top Gun" Original Soundtrack;77;215133;34x6hEJgGAOQvmlMql5Ige
madrigal;Seni Dert Etmeler;Seni Dert Etmeler;77;188500;10n66m41IGjA2ZulKPK7Ew
alicia keys;The Diary Of Alicia Keys;If I Ain't Got You;80;228706;3XVBdLihbNbxUwZosxcGuJ
alicia keys;As I Am (Expanded Edition);No One;78;253813;6IwKcFdiRQZOWeYNhUiWIv
alicia keys;Girl on Fire (Remixes) - EP;Girl on Fire;77;224920;4esOae7i4rqTbAu9o5Pxco
alicia keys;The Element Of Freedom;Empire State of Mind (Part II) Broken Down;72;216480;5sra5UY6sD658OabHL3QtI
jay wheeler;Platonicos;La Curiosidad;80;219048;4HYDUMY0xSpeBr0AMY9cUz
jay wheeler;Suelta;Suelta;76;243934;7kN7u1ZDOrNBKcEEGwGeDY
jay wheeler;Platónicos Mix (DJ Mix);La Curiosidad (feat. Myke Towers) - Mixed;74;93652;2cXeLEN1eguDzERP5csBUs
zayn;reputation Stadium Tour Surprise Song Playlist;I Don’t Wanna Live Forever (Fifty Shades Darker);80;247160;55n9yjI6qqXh5F2mYvUc2y
zayn;Icarus Falls;Dusk Till Dawn (feat. Sia) - Radio Edit;79;239000;3e7sxremeOE3wTySiOhGiP
zayn;Mind Of Mine (Deluxe Edition);PILLOWTALK;78;202746;0PDUDa38GO8lMxLCRc4lL1
zayn;Icarus Falls;Let Me;68;185373;2cEmWBBlCfR9wWrY9JmTyt
peter bjorn and john;Writer's Block;Young Folks;76;276693;4dyx5SzxPPaD8xQIid5Wjj
iyaz;Replay;Replay;76;182306;4E5P1XyAFtrjpiIxkydly4
tracy chapman;Tracy Chapman;Fast Car;78;296800;2M9ro2krNb7nr7HSprkEgo
tracy chapman;Tracy Chapman;Baby Can I Hold You;74;193120;2DjWsDGgL1xNbhnr7f6t5F
kamrad;I Believe;I Believe;76;147007;2CewvqbfMOcnvYE3yayAJV
fresh;Chop (Nouvelle École);Chop (Nouvelle École);76;195560;6KHsTu4Ht4XYiWcZOOdwbW
beendo z;L'Élu;Pas bête;76;143525;3TVUW7bJJWDOonkVCZxfLV
alien ant farm;Anthology;Smooth Criminal;76;209266;5z6xHjCZr7a7AIcy8sPBKy
danzig;Danzig;Mother;76;204866;7txxAtOMwLLnQTpKeBL6bp
ghostemane;ANTI-ICON;Fed Up;76;151625;0BV0AYGLVlu2SdjN3J9twp
lonely god;Marlboro Nights;Marlboro Nights;76;68522;755inykyaG4w22GWAsA3MX
mazie;the rainbow cassette;dumb dumb;79;125256;4qbEaaJ29p32GI8EWQmm6R
mazie;the rainbow cassette (bonus);dumb dumb - sped up;73;102663;2pJmSaPh5lMe4npn0Z6m8A
her's;Songs of Her's;What Once Was;76;255067;1XrSjpNe49IiygZfzb74pk
penelope scott;Public Void;Rät;76;194165;4blPH3Uy89WnOnYlIv7Ev4
current joys;Wild Heart;Blondie;76;194733;7sIx70dGj3VBiHWr0KZXfD
cody fry;Flying;I Hear a Symphony;76;185176;4ZHGRFGwjnEIXHG2FhcDPv
crush;Rush Hour;Rush Hour (Feat. j-hope of BTS);83;177302;5aucVLKiumD89mxVCB4zvS
crush;Guardian (Original Television Soundtrack), Pt. 4;Beautiful;69;227583;6mzF8HvHdVrzJNd8M1uFCS
sech;Relación (Remix);Relación - Remix;76;247308;35UUpTmrcFXNIVIN26ujXl
pav dharia;Na Ja;Na Ja;76;208000;32LKwbmh6yVsWoRRF8DIvf
dhibu ninan thomas;Adiye (From "Bachelor");Adiye - From "Bachelor";76;272000;2tMoOS9grHtn4upzb4LwMG
gnarls barkley;St. Elsewhere;Crazy;76;177466;1vxw6aYJls2oq3gW0DujAo
robin thicke;Blurred Lines (Deluxe);Blurred Lines;76;263826;0n4bITAu0Y0nigrz3MFJMb
keyshia cole;The Way It Is;Love;76;255333;0W4NhJhcqKCqEP2GIpDCDq
britney spears;Blackout;Gimme More;79;251240;6ic8OlLUNEATToEFU3xmaH
britney spears;Femme Fatale (Deluxe Version);Criminal;72;225080;6T689Jvh5KrSXyaPtUWZtQ
rage against the machine;Rage Against The Machine - XX (20th Anniversary Special Edition);Killing In The Name;80;313573;59WN2psjkt1tyaxjspN8fp
rage against the machine;Evil Empire;Bulls On Parade;75;229466;0tZ3mElWcr74OOhKEiNz1x
rage against the machine;The Battle Of Los Angeles;Guerrilla Radio;71;206200;1wsRitfRRtWyEapl0q22o8
bruce springsteen;Born In The U.S.A.;Dancing In the Dark;78;241306;7FwBtcecmlpc1sLySPXeGE
bruce springsteen;Born In The U.S.A.;I'm On Fire;74;155880;3PzsbWSQdLCKDLxn7YZfkM
bruce springsteen;Born In The U.S.A.;Born in the U.S.A.;74;278680;0dOg1ySSI7NkpAe89Zo0b9
dr. dre;2001;Still D.R.E.;84;270586;503OTo2dSqe7qk76rgsbep
dr. dre;2001;The Next Episode;81;161506;4LwU4Vp6od3Sb08CsP99GC
dr. dre;2001;Forgot About Dre;80;222293;7iXF2W9vKmDoGAhlHdpyIa
dr. dre;2001;What's The Difference;75;244200;1SWVDBtw6h3tm9OehOkDhv
dr. dre;I Need A Doctor;I Need A Doctor;72;283733;70ATm56tH7OrQ1zurYssz0
dr. dre;Gospel (with Eminem);Gospel (with Eminem);70;210027;3a2jFwnts4Cf0OwJbK61SL
dr. dre;Kush;Kush - Main;65;235120;1U8Ho1nOzKXYDvfigOuHG4
clairo;Immunity;Sofia;81;188386;7B3z0ySL9Rr0XvZEAjWZzM
clairo;Bubble Gum;Bubble Gum;80;175960;3zksbXteOCeSusJ5Xltr3t
clairo;Flaming Hot Cheetos;Flaming Hot Cheetos;76;123884;1F6IbA7di42uPc3cff8PXV
clairo;Immunity;Bags;75;260519;6UFivO2zqqPFPoQYsEMuCc
clairo;Sling;Amoeba;74;228922;0HAqq2GcQKyi3s87GuN7jU
clairo;4EVER;4EVER;72;159595;5mIOsPuQdXchVY0jB5NO9Q
clairo;diary 001;Hello?;69;135016;7qwt4xUIqQWCu1DJf96g2k
walk the moon;TALKING IS HARD;Shut Up and Dance;83;199080;4kbj5MwxO1bq9wjT5g9HaA
walk the moon;What If Nothing;Lost In The Wild;67;235960;0M1A9wInEHilyWkh4I8tWo
mark morrison;Return of the Mack;Return of the Mack;75;213093;3jDdpx9PMlfMBS5tOBHFm9
jennifer lopez;Love?;On The Floor;79;284866;3C0nOe05EIt1390bVABLyN
jennifer lopez;Ain't Your Mama;Ain't Your Mama;71;218234;2hgzdQdnfWwtdpZbhZlV72
sean kingston;Eenie Meenie;Eenie Meenie;75;201946;4vVTI94F9uJ8lHNDWKv0i2
ofenbach;Wasted Love (feat. Lagique);Wasted Love (feat. Lagique);75;139563;2pPO9YecZimmuVQfIzfV6U
george harrison;All Things Must Pass (Remastered 2014);My Sweet Lord - Remastered 2014;75;281226;0qdQUeKVyevrbKhAo0ibxS
kerchak;Peur (feat. Ziak);Peur (feat. Ziak);75;190213;7IXQrRgmHxWYWitSlyFY7z
damso;Ipséité;Δ. Dieu ne ment jamais;75;199346;6YWjskKykdPsBuiTBOg1VK
bill withers;Just As I Am;Ain't No Sunshine;79;125093;1k1Bqnv2R0uJXQN4u6LKYt
bill withers;Menagerie;Lovely Day;76;254560;0bRXwKfigvpKZUurwqAlEh
bill withers;Still Bill;Lean on Me;70;258834;3M8FzayQWtkvOhqMn2V4T2
prince;Purple Rain;Purple Rain;75;520786;54X78diSLoUDI3joC2bjMz
luniz;Operation Stackola;I Got 5 On It;75;253533;4IYKjN1DrYzxKXt0umJqsG
chani nattan;Daku;Daku;75;131077;3wz2vWhYnnBoFmgMkqtzLy
hvme;Goosebumps;Goosebumps;75;163208;20McUFi8KCIVdNDLrkTDuZ
banners;Where The Shadow Ends;Someone To You;77;219801;2f0pn9DkEJwAzXApnFh5cr
banners;Empires On Fire;Someone To You;73;219800;14BH4qO7pgCmIe6mgLKOK3
ralph castelli;Morning Sex;Morning Sex;75;175312;2fGRJzoiYJYAzlQAyBONMb
jin;Jirisan (Original Television Soundtrack) Pt. 4;Yours;75;264840;66sBTYlkaiyBwf4fhbIHlZ
ms krazie;Smile Now Cry Never;A Gangster's Wife;75;229640;6QNphn62YKaHG1hrnPSoHi
boza;Más Negro Que Rojo;Hecha Pa' Mi;75;186133;3VvA1wSxukMLsvXoXtlwWx
lunay;Épico;Soltera - Remix;75;266086;4t9a07PAghtQMRAIP9FQ7Z
los legendarios;Los Legendarios 001;Fiel;75;261665;7Bk0uXKk1uPT0XuQbpFzvs
anıl emre daldal;M.;M.;75;223750;6wfb4nI2Vih263JqC8WSoW
maluma;Junio;Junio;81;168601;4XqXNU8MwPHwbgZmNXmAdc
maluma;Sobrio;Sobrio;81;201180;4HzqWEdAbzcVFDv0pvxV4w
maluma;Nos Comemos Vivos;Nos Comemos Vivos;80;225365;3SlKme42qm1vWrkl3BrZmm
maluma;PAPI JUANCHO;Hawái;77;199112;1yoMvmasuxZfqHEipJhRbp
maluma;Hawái;Hawái;76;200197;4uoR6qeWeuL4Qeu2qJzkuG
maluma;11:11;11 PM;75;175733;7KbF6AdprOXEEHlsq11Z6d
maluma;F.A.M.E.;Felices los 4;74;230000;1RouRzlg8OKFeqc6LvdxmB
maluma;Hawái (Remix);Hawái - Remix;72;200481;0GzuHFG4Ql6DoyxFRnIk3F
maluma;11:11;HP;72;184435;1LIqNVhaIgxXUt2eVoIQJ3
maluma;F.A.M.E.;Corazón (feat. Nego do Borel);69;184720;5cepAtqnEQ6yVG6088zMMu
maluma;Mala Mía;Mala Mía;66;183752;62o8KoI44JfN7aYxgTnPvh
girl in red;we fell in love in october / forget her;we fell in love in october;80;184153;6FYfhKknpt05Om6YPcEYAg
girl in red;October Passed Me By;October Passed Me By;74;165746;0AjcdGri5vhJsmZnduCEqd
girl in red;i wanna be your girlfriend;i wanna be your girlfriend;70;204990;5PjdC2gMATetx5xdnwGUu7
rvfv;Pantera;Pantera;79;181333;4qGr8HmRjhdRoUCnLf82eM
rvfv;NASTU;Mi Luz (ft. Rels B);77;168000;0TkIQ2I48rz4kpk1XpfyHq
rvfv;Tigini (Remix);Tigini (Remix);76;175555;6stWVqWxtPPednHy1mzoOz
rvfv;NASTU;Mami;74;168367;4FjkjrvfbB3C4eUqWlw3vB
rvfv;Mirándote;Mirándote;67;135914;6wywJ7RutAY0JL7cMP7uFN
axwell /\ ingrosso;More Than You Know;More Than You Know;80;203000;6h5PAsRni4IRlxWr6uDPTP
axwell /\ ingrosso;More Than You Know;Sun Is Shining;69;254653;4b2tcjrG1qUkSdsqEFP2dB
strawberry guy;Mrs Magic;Mrs Magic;77;208500;0TZejo18HlJ86OrWNsXKnw
strawberry guy;F Song;F Song;72;224655;4z9KVNX4hmk672SJfhtQNz
phoebe bridgers;Stranger in the Alps;Motion Sickness;77;229760;5xo8RrjJ9CVNrtRg2S3B1R
phoebe bridgers;Punisher;Moon Song;72;277676;46RNrAkGsqWTDrv2ZPOAbx
labrinth;Euphoria (Original Score from the HBO Series);Formula;83;91869;6EtKlIQmGPB9SX8UjDJG5s
labrinth;Imagination & the Misfit Kid;Mount Everest;83;157497;1ZdhOMWyFR8Iv9eylMGYg2
labrinth;Euphoria (Original Score from the HBO Series);Still Don't Know My Name;80;153294;6N22FZs2ZhPBYi3b9XPajV
labrinth;All For Us (from the HBO Original Series Euphoria);All For Us - from the HBO Original Series Euphoria;76;192986;10hMM5nsZQf66ldBlgWBfG
labrinth;Euphoria (Original Score from the HBO Series);When I R.I.P.;75;174567;2t16D9V5FmmRAJjsSpwvZf
labrinth;Imagination & the Misfit Kid;All For Us;72;191710;76YSWx6L6FNsuaP6GWBb8P
labrinth;Kill For Your Love;Kill For Your Love;70;192170;4eaynYNbGdL9F90LGLcUsU
labrinth;Lift Off;Lift Off;66;184933;3ZcLmonVVD1MTQtmQb8yf3
labrinth;Euphoria (Original Score from the HBO Series);Nate Growing Up;65;153890;4iddJAOsc6U0hJ3krSJAKn
frank ocean;Blonde;Pink + White;85;184516;3xKsf9qdS1CyvXSMEid6g8
frank ocean;channel ORANGE;Lost;85;234093;3GZD6HmiNUhxXYf8Gch723
frank ocean;Blonde;Ivy;81;249191;2ZWlPOoWh0626oTaHrnl2a
frank ocean;Novacane;Novacane;81;302346;4osgfFTICMkcGbbigdsa53
frank ocean;Blonde;Nights;80;307151;7eqoqGkKwgOaWNNHx90uEZ
frank ocean;Chanel;Chanel;79;210285;6Nle9hKrkL1wQpwNfEkxjh
frank ocean;Blonde;White Ferrari;79;248807;2LMkwUfqC6S6s6qDVlEuzV
frank ocean;channel ORANGE;Thinkin Bout You;78;200746;7DfFc7a6Rwfi3YQMRbDMau
frank ocean;Blonde;Self Control;76;249667;5GUYJTQap5F3RDQiCOJhrS
frank ocean;channel ORANGE;Super Rich Kids;74;304760;0725YWm6Z0TpZ6wrNk64Eb
frank ocean;channel ORANGE;Pyramids;73;592920;4QhWbupniDd44EDtnh2bFJ
frank ocean;Blonde;Nikes;72;314075;19YKaevk2bce4odJkP5L22
frank ocean;channel ORANGE;Pink Matter;72;268813;1fOkmYW3ZFkkjIdOZSf596
frank ocean;Blonde;Solo;69;257380;35xSkNIXi504fcEwz9USRB
frank ocean;Biking;Biking;69;277520;2q0VexHJirnUPnEOhr2DxK
frank ocean;Swim Good;Swim Good;69;257186;3CgZCQyuyxHRMWB9BTwmni
frank ocean;channel ORANGE;Forrest Gump;69;194840;4YZbVct8l9MnAVIROnLQdx
frank ocean;Blonde;Skyline To;65;184600;4xR3MAscflQ262kMeiKshQ
frank ocean;Blonde;Close To You;65;85754;1VZLEW5ZfcAbKZ94XQiSZF
frank ocean;Blonde;Good Guy;64;66786;2JUqYobT8NvARdPmc4ES2x
travis scott;Birds In The Trap Sing McKnight;goosebumps;84;243836;6gBFPUFcJLzWGx4lenP6h2
travis scott;ASTROWORLD;SICKO MODE;83;312820;2xLMifQCjDGFmkHkpNLD9h
travis scott;HIGHEST IN THE ROOM;HIGHEST IN THE ROOM;82;175720;3eekarcy7kvN4yt5ZFzltW
travis scott;Goosebumps (Remix);Goosebumps - Remix;81;162802;5uEYRdEIh9Bo4fpjDd4Na9
travis scott;ASTROWORLD;5% TINT;79;196138;11kDth1aKUEUMq9r1pqyds
travis scott;ASTROWORLD;BUTTERFLY EFFECT;79;190557;2cYqizR4lgvp4Qu6IQ3qGN
travis scott;ASTROWORLD;CAN'T SAY;76;198408;27a1mYSG5tYg7dmEjWBcmL
travis scott;ASTROWORLD;STARGAZING;75;270714;7wBJfHzpfI3032CSD7CE2m
travis scott;ASTROWORLD;YOSEMITE;75;150043;7lAK3oHbfEnvUQWosrMMpR
travis scott;Rodeo (Expanded Edition);Antidote;74;262693;1wHZx0LgzFHyeIZkUydNXq
travis scott;ASTROWORLD;ASTROTHUNDER;74;142969;4MXhiYIRDMGAuvZc5IFTwC
travis scott;ASTROWORLD;NO BYSTANDERS;73;218283;6OaVWaGfhXn70ZJfdVcabn
travis scott;ESCAPE PLAN / MAFIA;MAFIA;72;240000;08F16baYbciTva9P4BvpiI
travis scott;ASTROWORLD;SKELETONS;72;145588;6NMtzpDQBTOfJwMzgMX0zl
travis scott;FRANCHISE (feat. Young Thug & M.I.A.);FRANCHISE (feat. Young Thug & M.I.A.);70;202794;4jVBIpuOiMj1crqd8LoCrJ
travis scott;ASTROWORLD;WAKE UP;70;231963;20MuVazoNMv6xjKPnRFOxG
travis scott;JACKBOYS;HIGHEST IN THE ROOM (feat. ROSALÍA & Lil Baby) - REMIX;68;244873;7h0d2h0fUmzbs7zeFigJPn
travis scott;FRANCHISE (feat. Future, Young Thug & M.I.A.) [REMIX];FRANCHISE (feat. Future, Young Thug & M.I.A.) - REMIX;65;207394;6qUabsNxudatEFedWGHoDh
travis scott;ASTROWORLD;BUTTERFLY EFFECT;56;190557;6xcJyGpfZbuuiequtnlKt4
peachy!;Falling for U;Falling for U;74;124000;2xhGZ3WzOa3tir28y7Cb88
johnny cash;American IV: The Man Comes Around;Hurt;74;216533;28cnXtME493VX9NOw9cIUh
why don't we;8 Letters;8 Letters;74;190026;4zRZAmBQP8vhNPf9i9opXt
silk city;Electricity (with Dua Lipa);Electricity (with Dua Lipa);74;238173;5N4erncE7kuUccm7zEmwzk
the rah band;Going Up;Messages from the Stars;74;254080;6lYY2HktYKpV1pUamfRlU1
aleemrk;Cold Hours;Cold Hours;74;206117;2uThc9fZx2BEL3t6uuRMO1
nf;The Search;The Search;74;248040;2OKo7g3KfmCt3kyLvUAL0g
stromae;Cheese;Alors on danse - Radio Edit;78;206066;2GYHyAoLWpkxLVa4oYTVko
stromae;racine carrée;Papaoutai;74;232146;34dx8DACTJsc3rsJdaEIQw
stromae;Alors On Danse (DubDogz Remix);Alors On Danse - DubDogz Remix;70;168576;19eIZmuXlBmLTha1lPHef7
madism;Pumped Up Kicks;Pumped Up Kicks;74;145161;3Dzso9Q2WwupEclqgxBZht
jack stauber;Pop Food;Oh Klahoma;75;185223;6SZwj6cjc8JQbkrr8cbIUn
jack stauber;Pop Food;Buttercup;73;208026;2mlGPkAx4kwF8Df0GlScsC
pedro capó;Calma (Remix);Calma - Remix;74;238200;5iwz1NiezX7WWjnCgY5TH4
ricky martin;Ricky Martin;Livin' la Vida Loca;74;243160;0Ph6L4l8dYUuXFmb71Ajnd
good charlotte;The Young and The Hopeless;The Anthem;74;175093;0BRHnOFm6sjxN1i9LJrUDu
unlike pluto;Everything Black;Everything Black;74;228979;3UEnF6y5tyHVtMzldS3svp
dido;No Angel;Thank You;74;218360;3yUcJwYu7fXAfqMj9krY6l
ziv zaifman;The Greatest Showman (Original Motion Picture Soundtrack);A Million Dreams;74;269453;0RoA7ObU6phWpqhlC9zH4Z
sinéad o'connor;I Do Not Want What I Haven't Got;Nothing Compares 2 U;74;280040;5GHY1DFWKz3Prg2V0Iodqo
gangga;Blue Jeans;Blue Jeans;74;211483;4kfjA6WfgKBt7I7YKuDCkU
mura masa;Mura Masa;Love$ick (feat. A$AP Rocky);74;192160;3sTN90bIP2cJ1783ctHykO
limp bizkit;Significant Other;Break Stuff;77;166706;5cZqsjVs6MevCnAkasbEOX
limp bizkit;Chocolate Starfish And The Hot Dog Flavored Water;Rollin' (Air Raid Vehicle);76;213760;3IV4swNduIRunHREK80owz
limp bizkit;Results May Vary;Behind Blue Eyes;74;269973;1MTQHCpraD4S8g5PAFKzoj
limp bizkit;Chocolate Starfish And The Hot Dog Flavored Water;Take A Look Around;74;321040;2avKuMN2QXkaG9vvHa2JLt
limp bizkit;Chocolate Starfish And The Hot Dog Flavored Water;My Way;73;272973;2gSVKxPDww9Eep5rdvtdem
limp bizkit;Significant Other;Nookie;69;289560;1TEZWG1FdjzDdercCguTwj
radiohead;Pablo Honey;Creep;85;238640;70LcF31zb1H0PyJoS1Sx1r
radiohead;OK Computer;No Surprises;82;229120;10nyNJ6zNy2YVYLrcwLccB
radiohead;OK Computer;Karma Police;76;264066;63OQupATfueTdZMWTxW03A
radiohead;The Bends;High and Dry;75;257480;2a1iMaoWQ5MnvLFBDv4qkf
radiohead;OK Computer;Exit Music (For A Film);73;267186;0z1o5L7HJx562xZSATcIpY
radiohead;The Bends;Fake Plastic Trees;72;290706;73CKjW3vsUXRpy3NnX4H7F
radiohead;In Rainbows;Weird Fishes/ Arpeggi;71;318186;4wajJ1o7jWIg62YqpkHC7S
radiohead;OK Computer;Paranoid Android;70;387213;6LgJvl0Xdtc73RJ1mmpotq
radiohead;In Rainbows;Nude;69;255386;35YyxFpE0ZTOoqFx5bADW8
radiohead;In Rainbows;Jigsaw Falling Into Place;69;248893;0YJ9FWWHn9EfnN0lHwbzvV
radiohead;Kid A;How to Disappear Completely;67;356333;2rtGaCAeYtmcIvuZsvgTf6
hailee steinfeld;Let Me Go (with Alesso, Florida Georgia Line & watt);Let Me Go (with Alesso, Florida Georgia Line & watt);77;174800;5Gu0PDLN4YJeW75PpBSg9p
hailee steinfeld;Fifty Shades Freed (Original Motion Picture Soundtrack);Capital Letters;70;219373;6l0Ky2PycJV1Bz88kFeVGL
kep1er;FIRST IMPACT;WA DA DA;74;183693;4gdiCHNbwugojBqr5Jt3pq
kep1er;DOUBLAST;Up!;73;192026;3XZAvh2NCDQYHgJei35VQ1
the neighbourhood;I Love You.;Sweater Weather;93;240400;2QjOHCTQ1Jl3zawyYOpxh6
the neighbourhood;Wiped Out!;Daddy Issues;87;260173;5E30LdtzQTGqRvNd7l6kG5
the neighbourhood;Hard To Imagine The Neighbourhood Ever Changing;Softcore;86;206280;2K7xn816oNHJZ0aVqdQsha
the neighbourhood;Hard To Imagine The Neighbourhood Ever Changing;You Get Me So High;83;153000;7zwn1eykZtZ5LODrf7c0tS
the neighbourhood;Hard To Imagine The Neighbourhood Ever Changing;Reflections;80;244013;2xql0pid3EUwW38AsywxhV
the neighbourhood;Wiped Out!;The Beach;78;255133;2u0CelO5c81XS7z3dGpHbS
the neighbourhood;I Love You.;Afraid;77;251186;7brQHA2CgQpcMBiOlfiXYb
the neighbourhood;Chip Chrome & The Mono-Tones (Deluxe);Stargazing;76;217026;0VF7YLIxSQKyNiFL3X6MmN
the neighbourhood;Daddy Issues (Remix) feat. Syd;Daddy Issues (Remix) feat. Syd;75;181186;5Q6fh8OEhBYepJaORz9lxe
the neighbourhood;Chip Chrome & The Mono-Tones;Pretty Boy;75;234093;7IL8PSVwLOJxqYne6azxQv
the neighbourhood;Wiped Out!;Cry Baby;74;235160;0EfsDEYaSjGYd66Pr881nq
the neighbourhood;#000000 & #FFFFFF;Unfair;72;146866;0xD23i0X1WjqMSYIxRfO80
the neighbourhood;I'm Sorry...;Wires;71;193080;5v8aEcHcaJIGYpfVVPtJjI
the neighbourhood;Chip Chrome & The Mono-Tones;Devil's Advocate;71;186306;4XfI7M5gLwEY84gYiH4RDD
the neighbourhood;Wiped Out!;Baby Came Home 2 / Valentines;71;390493;40gvh6jP5qxMJuMmF9lG9A
the neighbourhood;Fallen Star;Fallen Star;70;224938;60F6pgM6H6miNr5AmjxwjL
the neighbourhood;Hard To Imagine The Neighbourhood Ever Changing;Compass;70;167960;0YNtAadZvKBBEFARtfoCV8
the neighbourhood;I Love You.;Flawless;70;246493;2Kt1XplPBQBsDKQDa6TssB
the neighbourhood;Hard To Imagine The Neighbourhood Ever Changing;Nervous;70;245000;113xf7t4qNM7038YJvauik
the neighbourhood;Wiped Out!;R.I.P. 2 My Youth;69;205280;07VBqWH6NG8L2ad3l84UKk
the neighbourhood;Hard To Imagine The Neighbourhood Ever Changing;Scary Love;69;222666;6TA5aymvVrtiPVbuAwmPIc
the neighbourhood;Hard To Imagine The Neighbourhood Ever Changing;Void;68;203666;2wXioTynVwrEWYRv6R6vEj
the neighbourhood;Chip Chrome & The Mono-Tones;Cherry Flavoured;68;208453;40iocOzytrqaRn5RbGPDNp
the neighbourhood;I Love You.;W.D.Y.W.F.M?;68;259413;3vooOYHU0Fi3ViCG7Ozh0Y
the neighbourhood;Wiped Out!;Prey;67;282640;38kjFXYgPvtuXCPbHPMGte
the neighbourhood;Thank You,;A Little Death;65;209706;0Ot6e3wYVQQ1Us9PM977jE
the neighbourhood;Sweater Weather (Young Saab Remix);Sweater Weather - Young Saab Remix;61;267270;5YCPqMoXNlPeUJ9fm1dlz3
george ezra;Wanted on Voyage (Expanded Edition);Budapest;79;200733;2ixsaeFioXJmMgkkbd4uj1
george ezra;Staying at Tamara's;Shotgun;78;201287;4ofwffwvvnbSkrMSCKQDaC
george ezra;Green Green Grass;Green Green Grass;77;167613;3rk4aJ0vAj3cFUIQEeASkT
george ezra;Gold Rush Kid;Green Green Grass;75;167613;4N5s8lPTsjI9EGP7K4SXzB
george ezra;Staying at Tamara's;Hold My Girl;74;211763;42bbDWZ8WmXTH7PkYAlGLu
george ezra;Staying at Tamara's;Paradise;69;222044;38zwkK6TtTjIW9tpYBfZ3D
george ezra;Wanted on Voyage (Expanded Edition);Blame It on Me;68;196400;2vzMWO0T008m86yDnXwkII
george ezra;Wanted on Voyage (Expanded Edition);Barcelona;67;188960;3ieLey98V9mIIh3W9gBlPF
kane brown;Different Man;Thank God;78;174560;1brnLTvarI9D1hLP6z2Ar8
kane brown;Be Like That (feat. Swae Lee & Khalid);Be Like That - feat. Swae Lee & Khalid;75;191406;5f1joOtoMeyppIcJGZQvqJ
kane brown;Kane Brown (Deluxe Edition);Heaven;73;179506;1HXy5I3HTWq8OvxCn0z7G7
kane brown;Memory;Memory;72;153337;34chhNX59Wo9HMFCsI3K8Y
kane brown;Kane Brown;What Ifs (feat. Lauren Alaina);72;188253;7zVCrzzEJU7u24sbJPXA5W
kane brown;Grand;Grand;70;178973;4WZ3liyYz5ZzDcL4ibAuOi
sleepy hallow;Still Sleep?;2055;81;123986;4XvcHTUfIlWfyJTRG0aqlo
sleepy hallow;Die Young (feat. 347aidan);Die Young (feat. 347aidan);81;148816;6EbVuwU7EnKeF2hdpViXCH
sleepy hallow;2 Mins of Pain (feat. Alborosie);2 Mins of Pain (feat. Alborosie);74;136695;2NVXBBbO4xGO851zrMfCFi
sleepy hallow;2055;2055;73;123986;0mG6igzxbH55XRyq3ygEh8
sleepy hallow;Sleepy Hallow Presents: Sleepy For President;Deep End Freestyle;67;115200;2AlYncTpVHKwHb55F9lF6O
sleepy hallow;Deep End Freestyle;Deep End Freestyle;64;115200;4zTPYAf5scZdp0LnwPPeWK
aespa;Girls - The 2nd Mini Album;Girls;78;240440;2WTHLEVjfefbGoW7F3dXIg
aespa;Next Level;Next Level;74;221573;2zrhoHlFKxFTRF5aMyxMoQ
aespa;Savage - The 1st Mini Album;Savage;74;238143;3dbLT62Cvs46Ju7a8gpr36
aespa;Illusion;Illusion;74;195053;5uFqjHOo3Sh0bVPCKf3DdH
aespa;Girls - The 2nd Mini Album;Illusion;72;195053;396FqjKmViUZ92Wmm4rx3i
aespa;Black Mamba;Black Mamba;70;174933;1t2qYCAjUAoGfeFeoBlK51
aespa;Life's Too Short;Life's Too Short (English Version);70;178133;2mgzUVvDpb1zMSB4glLQ6T
stray kids;MAXIDENT;CASE 143;82;191964;3O8G8eVrhfXTGttyQ1xVuq
stray kids;ODDINARY;MANIAC;80;182757;63irPUP3xB74fHdw1Aw9zR
stray kids;MAXIDENT;TASTE (Lee Know, Hyunjin, Felix);77;216120;05ib88vsMeLfwlAfrZyz99
stray kids;NOEASY;Thunderous;76;183266;0nwTMzpatarzvLvtwwzdCt
stray kids;GO LIVE;God’s Menu;76;167922;4XPXrcpyNr30Km6aPiflJy
stray kids;MAXIDENT;3RACHA (Bang Chan, Changbin, HAN);75;208573;6T4o4xEh61CpgM9v4jG5DJ
stray kids;NOEASY;Red Lights (Bang Chan, Hyunjin);74;189906;0LatE4S9UtCDwIdGQsFFKL
stray kids;MAXIDENT;CHILL;74;195146;1HshHZrFIF5MRXWCZntOPr
stray kids;ODDINARY;Charmer;74;188573;4QDpsNBlllaLGj8zbF2EE0
stray kids;MAXIDENT;Give Me Your TMI;74;198173;7CQhZA3qNDZBoTKWqjD7gR
stray kids;Street Man Fighter Original Vol.4 (Crew Songs);HEYDAY (Prod. Czaer);74;144773;35sE2Ehvd1GzBzAIC0zFIu
stray kids;IN LIFE;Back Door;73;189286;0XuepwFJUcKN8T5zTqoP0F
stray kids;MAXIDENT;SUPER BOARD;73;185960;078fJxqEUz0LvbHSM6AoXJ
stray kids;MAXIDENT;Can't Stop (Seungmin, I.N);73;209666;33vfE5bxDMHpOFHMSgxehR
stray kids;CIRCUS;CIRCUS;73;194440;2uw2ftfyS4yJLWiTtbxasE
stray kids;ODDINARY;VENOM;71;194840;4b3rGL8LDSkbARUUA20136
stray kids;MAXIDENT;CIRCUS (Korean Ver.);70;194400;3JeLa5o0NxQjQHhVYaTLV0
stray kids;Mixtape : Time Out;Mixtape : Time Out;70;175293;0OCDOcvQvozjsivREMojzx
stray kids;NOEASY;DOMINO;70;198720;6Ib6RkvLBMD85bov85apSL
stray kids;Christmas EveL;Christmas EveL;67;178529;5npCUsfrlhdyjxyCa32maW
stray kids;Clé 1 : MIROH;MIROH;66;207617;2sFWzfV3kqAwXEWM9BjzwH
stray kids;ODDINARY;Lonely St.;66;164853;2xo84jGkxFPrZmmBtS3Pkd
crazy town;The Gift Of Game;Butterfly;73;216733;4BggEwLhGfrbrl7JBhC8EC
los retros;Someone To Spend Time With;Someone To Spend Time With;73;173953;6SE4JAo7T8C7XkFka5bbga
traveling wilburys;The Traveling Wilburys, Vol. 1;End Of The Line;73;209520;4HA2jo7wkMdN1lmLO6ryzE
sabrina carpenter;Singular Act II;Looking at Me;73;181120;59tskctgqUmjCWAwhzYAFm
kx5;Escape (feat. Hayla);Escape (feat. Hayla);73;240445;10oKSzRcwbZsog2uq2gb4b
punctual;Do It All Again;Do It All Again;73;137419;6BwPstqf4RoRMbDidFWNxE
olivia o'brien;hate u love u;hate u love u;75;175466;6ATgDc6e4sPn84hvJsAmPt
olivia o'brien;Complicated;Complicated;71;189000;0jllH0usRFD4LJkJnGK9Lf
edward sharpe & the magnetic zeros;Up From Below;Home;73;306320;0cBPuDA3xUjR4Vh9o7CKy8
tech n9ne;ASIN9NE;Face Off;73;219802;6M47gaKejso9772SKTa3yH
mxmtoon;the masquerade;prom dress;73;197933;2xCGBWfzTe8l2kvHpgvB6M
mad tsai;killer queen;killer queen;73;178888;0qo1JukfClmpHnUOJxpFXi
the xx;xx;Intro;73;127920;2usrT8QIbIk9y0NEtQwS4j
beabadoobee;Beatopia;the perfect pair;77;177533;41P6Tnd8KIHqON0QIydx6a
beabadoobee;Patched Up;Tired;73;199514;6F5mZpEEjhsAW8UEqbIpz1
beabadoobee;Coffee;Coffee;69;126824;429NtPmr12aypzFH3FkN9l
sir chloe;Party Favors;Michelle;73;214087;3bTzAFtvHyDWJcIyTQijGO
phantogram;Voices;Black Out Days;77;227160;2IWtloZYQDcP8Ashwx8QEF
phantogram;Black Out Days (Future Islands Remix);Black Out Days - Future Islands Remix;76;248346;3kxkjirben9RVm9NqYa6rm
phantogram;Black Out Days [Future Islands Remix (Slowed)];Black Out Days - Future Islands Remix (Slowed);66;214394;5tRnzF4v2KL72QQdCjopyt
chanyeol;Guardian (Original Television Soundtrack), Pt. 1;Stay With Me;73;192441;1HYzRuWjmS9LXCkdVHi25K
jessi;ZOOM;ZOOM;78;174840;4IaxDf2FixiQXq0mW7key9
jessi;NUNA;NUNU NANA;68;195836;2cUzIBGMvx2BZ2Q1fzjdl1
k/da;ALL OUT;VILLAIN;74;199125;3QSjVPObHxuAJc3E5nrjRn
k/da;POP/STARS;POP/STARS;73;191100;5sbooPcNgIE22DwO0VNGUJ
k/da;MORE;MORE;72;217088;6juLaduD4STCUDWT0AYun4
danileigh;Easy (Remix);Easy;73;186586;4CMrdHWqic0usIZfTrKoI3
jawsh 685;Savage Love (Laxed - Siren Beat) [BTS Remix];Savage Love (Laxed – Siren Beat) [BTS Remix];73;184905;4TgxFMOn5yoESW6zCidCXL
starset;Transmissions (Deluxe Version);My Demons;73;288036;3Xfg7AegXaDLoD5GOUMf2e
lil god dan;MARCELINE;MARCELINE;73;155054;17zEBtrjKKa2hwk9CxWIkX
sezairi;It's You;It's You;73;251440;7rdnB5DAyPbaj51TCQRcqW
rag'n'bone man;Human (Deluxe);Human;78;200186;58zsLZPvfflaiIbNWoA22O
rag'n'bone man;Human (Deluxe);Skin;68;239626;6y2Kaz9QI01XBKJ8mTb7Pf
ginuwine;R&B: From Doo-Wop To Hip-Hop;Pony;73;251733;6mz1fBdKATx6qP4oP1I65G
system of a down;Toxicity;Chop Suey!;83;210240;2DlHlPMa4M17kufBvI2lEN
system of a down;Toxicity;Toxicity;81;218933;0snQkGI5qnAmohLE7jTsTn
system of a down;Toxicity;Aerials;77;235053;4e9eGQYsOiBcftrWXwsVco
system of a down;Mezmerize;B.Y.O.B.;77;255466;0EYOdF5FCkgOJJla8DI2Md
system of a down;Hypnotize;Lonely Day;75;167906;1VNWaY3uNfoeWqb5U8x2QX
system of a down;System Of A Down;Sugar;73;153800;31RTFPrB7wmYBhlkM2ILXG
system of a down;Mezmerize;Violent Pornography;70;211333;249Z7XT6mf8B2zuI0RaeS0
system of a down;Hypnotize;Hypnotize;69;189440;6oO7WMjD6kEvCITLbVj0mu
system of a down;Mezmerize;Radio/Video;68;249226;41pOIT2t1rvr2Trg1HQChZ
system of a down;System Of A Down;Spiders;68;215440;4vAHXnJ5YWLq5hbIVzZS1h
system of a down;Toxicity;ATWA;67;176200;6gCVA6ja6g0foIsWv0RuSZ
system of a down;Hypnotize;Vicinity Of Obscenity;65;171800;5uMTA9SIe0sE4dnHHSHaYz
loud luxury;Body;Body;75;163216;21RzyxY3EFaxVy6K4RqaU9
loud luxury;These Nights;These Nights;70;132417;1GL7vwDnPqCnJ2xGNxNLwG
ashe;Moral of the Story;Moral of the Story;76;201083;2nC3QhMI9reBIOWutbU3Tj
ashe;Ashlyn;Moral of the Story;76;201016;69HzZ3ti9DLwb0GdWCGYSo
ashe;Ashlyn;Moral of the Story (feat. Niall Horan) - Bonus Track;74;198515;5v6qYImm5k36GHlFxdEZyv
ashe;Ashlyn;Till Forever Falls Apart;73;222926;4x5YzxjrF9wvIIXJV7TveC
ashe;Till Forever Falls Apart;Till Forever Falls Apart;69;222860;2769RhOZs0ezRncRW1vryp
ashe;Moral of the Story (feat. Niall Horan);Moral of the Story (feat. Niall Horan);67;198515;2NWVdwbd2hPIzC2lyf4y63
american authors;Oh, What A Life;Best Day Of My Life;79;194240;5Hroj5K7vLpIG4FNCRIjbP
american authors;What We Live For;I'm Born To Run;66;206920;6zDs6zI94L761vd0cVScTT
zico;Street Man Fighter Original Vol.3 (Mission by Rank);New thing (Prod. ZICO) (Feat. Homies);78;147426;5mdWIwsJAzR97ShGkt8gcR
zico;Any song;Any song;67;227226;1iIhGHzzrzqQfuNkFI2qAn
natti natasha;Mayor Que Usted;Mayor Que Usted;81;233519;7d7aPD2oxuzjhOZnu4Dj23
natti natasha;Criminal;Criminal;75;232549;6Za3190Sbw39BBC77WSS1C
natti natasha;Ram Pam Pam;Ram Pam Pam;69;200785;4DHDIdeayp8xvlyg22wREO
natti natasha;NATTIVIDAD;Ram Pam Pam;65;200706;730gfBUwEpyruhbSvDuytR
the script;#3 Deluxe Version;Hall of Fame (feat. will.i.am);80;202533;7wMq5n8mYSKlQIGECKUgTX
the script;No Sound Without Silence;Superheroes;75;245466;37sINbJZcFdHFAsVNsPq1i
the script;The Script;The Man Who Can't Be Moved;75;241373;3nqqDo8CcCLke3ZoTgiOKf
the script;#3 Deluxe Version;Hall of Fame;60;201093;0FB5ILDICqwK6xj7W1RP9u
twice;BETWEEN 1&2;Talk that Talk;86;177466;0RDqNCRBGrSegk16Avfzuq
twice;Formula of Love: O+T=<3;The Feels;78;198053;308Ir17KlNdlrbVLHWhlLe
twice;Eyes Wide Open;I CAN'T STOP ME;76;205493;37ZtpRBkHcaq6hHy0X98zn
twice;FANCY YOU;FANCY;76;213880;2qQpFbqqkLOGySgNK8wBXt
twice;Summer Nights;What is Love;75;208240;3zhbXKFjUDw40pTYyCgt1Y
twice;CRY FOR ME;CRY FOR ME;73;204167;2xtP8RNbo2BEMzLX7tK7aq
twice;BETWEEN 1&2;Basics;73;176973;63mL1DdcSFfxVJ9XGnSRQz
twice;Taste of Love;Alcohol-Free;72;210573;0BTaaKT4RMbs5M73tOHX5Y
twice;Feel Special;Feel Special;72;206866;3Hz3tTQwOdM6XkA0ALB2G9
twice;BETWEEN 1&2;Queen of Hearts;72;186946;3sOEVB8DirQtZc0qhw8lJc
twice;Formula of Love: O+T=<3;SCIENTIST;71;194600;0BJMgVrnWIvgYsjq8KaPeh
twice;Summer Nights;Dance The Night Away;69;180800;4DYIDSMIB5y2UmZFv9fxeX
twice;YES or YES;YES or YES;69;237680;26OVhEqFDQH0Ij77QtmGP9
twice;MORE & MORE;MORE & MORE;68;199653;3omvXShuRPM3zbDpWYqf5g
twice;Twicecoaster: Lane 1;TT;68;212986;60jFaQV7Z4boGC4ob5B5c6
twice;Twicetagram;Likey;68;207813;0IEVKWduAaMcZepZQVr80T
twice;Page Two;CHEER UP;66;208853;7lB4rxNVc7vm33ZSZXVRAQ
2pac;Greatest Hits;Hit 'Em Up - Single Version;81;312626;0Z2J91b2iTGLVTZC4fKgxf
2pac;All Eyez On Me;Ambitionz Az A Ridah;79;278386;5g9lS8deSIxItFBmZRC4vN
2pac;Greatest Hits;California Love - Original Version;79;284906;3ia3dJETSOllPsv3LJkE35
2pac;All Eyez On Me;All Eyez On Me (ft. Big Syke);77;307773;4VQNCzfZ3MdHEwwErNXpBo
2pac;R U Still Down? [Remember Me];Do For Love;75;281600;4AE7Lj39VnSZNOmGH2iZaq
2pac;Greatest Hits;Changes;73;268826;1ofhfV90EnYhEr7Un2fWiv
2pac;Me Against The World;Dear Mama;72;280000;6tDxrq4FxEL2q15y37tXT9
2pac;Strictly 4 My N.I.G.G.A.Z...;Keep Ya Head Up;71;262506;0XRbYXQUymj9SJkrr8YK5B
2pac;All Eyez On Me;Can't C Me;70;330760;7rUchbZxrhF29Q0vYjKEU0
2pac;Loyal To The Game;Ghetto Gospel;69;238053;7jLbTp3qZzah9kMIdW8e5M
2pac;All Eyez On Me;2 Of Amerikaz Most Wanted (ft. Snoop Doggy Dogg);69;246533;6LwrEZNkvFTOypNwSLjuaJ
2pac;All Eyez On Me;Only God Can Judge Me (ft. Rappin' 4-Tay);68;296906;7sKt5Y2zJpYw78iAxndB8y
2pac;Greatest Hits;Hail Mary;67;312373;2zoobJFEB9h15fjYjRd6oP
2pac;Until The End Of Time;Lil' Homies;64;223973;6vBMMa2erexusV4XrgXea9
the clash;Combat Rock (Remastered);Should I Stay or Should I Go - Remastered;80;188986;39shmbIHICJ2Wxnk1fPSdz
the clash;London Calling (Remastered);London Calling - Remastered;72;200480;5jzma6gCzYtKB1DbEwFZKH
the clash;Stranger Things (Soundtrack from the Netflix Original Series);Should I Stay or Should I Go - Remastered;65;186093;6SjbzGo7arjfM5cXpXhc5B
bob marley & the wailers;Exodus;Three Little Birds;78;180266;75FYqcxt1YEAtqDLrOeIJn
bob marley & the wailers;Uprising;Could You Be Loved;78;237000;5O4erNlJ74PIF6kGol1ZrC
bob marley & the wailers;Kaya;Is This Love;76;232200;6JRLFiX9NJSoRRKxowlBYr
bob marley & the wailers;Exodus;Jamming;74;211000;5LyfiK6iXEIBNEtcaGKohl
bob marley & the wailers;Confrontation;Buffalo Soldier;72;255840;7BfW1eoDh27W69nxsmRicb
bob marley & the wailers;Exodus;One Love / People Get Ready - Medley;71;172933;6SR0dDuXH2vtgBfMLrivKV
bob marley & the wailers;Uprising;Redemption Song;70;233560;26PwuMotZqcczKLHi4Htz3
bob marley & the wailers;Natty Dread;No Woman No Cry;59;226240;3PQLYVskjUeRmRIfECsL0X
itzy;CHECKMATE;SNEAKERS;78;179453;2WoluqyWzsgRmFCeHeGlnm
itzy;CRAZY IN LOVE;LOCO;76;191462;56Yxkm62GtEpnPyG7TvwLY
itzy;IT'z ME;WANNABE;74;191242;4pspYVQGFHLPEFgQPD1J7e
itzy;GUESS WHO;In the morning;72;172373;1Wcr8zrKqbUX0zwN8Dbr16
itzy;Not Shy;Not Shy;70;177728;1ehags7lQMM1qX94VJkoaf
itzy;IT'z Different;DALLA DALLA;68;199873;38rUIlTX93Aoif3WcY1wv6
itzy;GUESS WHO;SHOOT!;67;139213;2xeaHUnzzT5Kc974OQt1kA
empire of the sun;Walking On A Dream (10th Anniversary Edition);Walking On A Dream;79;198440;5r5cp9IpziiIsR6b93vcnQ
empire of the sun;Ice On The Dune;Alive;65;204546;2O9O26335YYVckmRgPKY3s
tinashe;Aquarius;2 On (feat. ScHoolboy Q);72;227000;3jVtllWS5CFFWLQng8sKsr
tenille arts;Love, Heartbreak, & Everything in Between;Somebody Like That;72;198208;3hboOw4dS0aXGuP0fyyvbC
mohombi;MoveMeant (International);Bumpy Ride;72;224720;71R6zJsrF3ffc3TBFHfivX
roberta flack;Killing Me Softly;Killing Me Softly With His Song;72;286920;3gsCAGsWr6pUm1Vy7CPPob
patrick hernandez;Born to Be Alive (The Original);Born to Be Alive - The Original;72;188133;3XIEWK1V9n25PS9Vb6axj5
the pointer sisters;So Excited! (Expanded Edition);I'm So Excited;72;230640;1ot6jEe4w4hYnsOPjd3xKQ
madison beer;Reckless;Reckless;80;203384;5ajjAnNRh8bxFvaVHzpPjh
madison beer;Showed Me (How I Fell In Love With You);Showed Me (How I Fell In Love With You);69;195845;5Kq2GzvM6XE8zN4RAKKLSf
madison beer;Life Support;Good In Goodbye;67;141949;4y3g40TWe7fCWCayJZuGvw
vianney;Call on me (feat. Ed Sheeran);Call on me (feat. Ed Sheeran);72;200706;2RO4aPByijQUqBZhYm1apz
mr. president;We See The Same Sun;Coco Jamboo;72;218733;5fRvePkRGdpn2nKacG7I6d
trapt;Trapt;Headstrong;72;285569;1AEYT6VxrxXPMoQUxsY0E4
ram jam;Ram Jam;Black Betty;72;238973;6kooDsorCpWVMGc994XjWN
quiet riot;Metal Health;Cum on Feel the Noize;72;290960;3vV3cr2TpPqFk07zxYUbla
lum!x;Monster;Monster;72;154226;0YU17F0BlVXvmx5ytsR43w
king princess;1950;1950;72;225133;0CZ8lquoTX2Dkg7Ak2inwA
carolesdaughter;Violent;Violent;72;135877;7CFfqRW50ffULvBv7lfIIg
rosé;R;Gone;72;207163;2ayIgfvWo3SfYP2pVOr4pC
rosé;R;On The Ground;72;168085;2xgACMNtJ5YktyvOC83SPO
shaun;Way Back Home (feat. Conor Maynard) [Sam Feldt Edit];Way Back Home (feat. Conor Maynard) - Sam Feldt Edit;73;192452;1ZLrDPgR7mvuTco3rQK8Pk
shaun;Take;Way Back Home;71;214136;3NxuezMdSLgt4OwHzBoUhL
(g)i-dle;I NEVER DIE;TOMBOY;80;174386;0IGUXY4JbK18bu9oD4mPIm
(g)i-dle;I trust;Oh my god;70;195866;2DmRXiyn03tOqKgEJXlaiJ
(g)i-dle;I burn;HWAA;66;197320;5FiXhM80sP4yg6tEnHkZZn
stayc;WE NEED LOVE;BEAUTIFUL MONSTER;74;180000;56s2s5e8WuBsWVKnmz6J9L
stayc;YOUNG-LUV.COM;RUN2U;73;213426;3gFcGnU4kTdMYLXDjH1TK8
stayc;STEREOTYPE;STEREOTYPE;71;191695;2bZIDMpzVooosmPHn0tHnd
stayc;STAYDOM;ASAP;70;194080;5BXr7hYZQOeRttkeWYTq5S
fmk;Prende la Cámara RMX;Prende la Cámara RMX;72;212629;5A1vGSsqw0UQCBxHOyPOjG
the dresden dolls;Yes, Virginia;My Alcoholic Friends;72;167680;2gvmxusSOe3vNjNDjQWaso
mitraz;Akhiyaan;Akhiyaan;74;191868;2l3dFxtoSMgMQVyRIUHjpz
mitraz;Junoon;Junoon;70;191111;4roFMBSQp7W4fYVxKMmhA5
sanam;Universally SANAM;Gulabi Aankhen;72;197759;1ccZZf0IQi5y0bHMl2aGDF
sheff g;One and Only;Weight On Me;73;157619;6A4hgJdwriera4WSUl4moW
sheff g;One and Only;No Suburban, Pt. 2;71;153561;3VayB5gLZGODx8b7RO1y5f
macy gray;On How Life Is;I Try;72;239440;5TAf4lnZCZTLlZHNZMLFLi
roxette;It Must Have Been Love;It Must Have Been Love - From the Film "Pretty Woman";78;258786;6kvoHl80mfCVTv7XnZkjQn
roxette;Look Sharp! (Extended Version);Listen To Your Heart;73;328093;5JvsxPAHsGxwNq4xto2HtM
roxette;Look Sharp! (Extended Version);The Look;70;237320;2oWMI54r0qT4N8Xb4C76vq
roxette;Joyride (Extended Version);Spending My Time;67;275666;2OHym1q6nzgtT75UCNjjro
maren morris;GIRL;The Bones;75;197293;7yFhA2fUsL2oIMWlw5DaHQ
maren morris;The Bones (with Hozier);The Bones - with Hozier;71;197298;1yTTMcUhL7rtz08Dsgb7Qb
maren morris;HERO (Deluxe Edition);My Church;69;197930;1LM5zQv5pBKPyO7rm7Uz6U
seventeen;SEVENTEEN 4th Album 'Face the Sun';HOT;80;197586;6I2tqFhk8tq69iursYxuxd
seventeen;SEVENTEEN 4th Album Repackage 'SECTOR 17';_WORLD;78;178453;3QwiidVHfeE9y5jl4n2MTC
seventeen;SEVENTEEN 4th Album Repackage 'SECTOR 17';CHEERS;76;181466;1pdFdv8R6ezIAUUNkn785b
seventeen;SEVENTEEN 9th Mini Album 'Attacca';Rock with you;75;180360;6LnEoRQKMcaFTR5UvaKuBy
seventeen;Love&Letter repackage album;VERY NICE;73;192092;1Rrj7KyS2R6SP9CQMDJW1w
seventeen;SEVENTEEN 4th Mini Album ‘Al1’;Don't Wanna Cry;71;203426;6Upu6yjkdi0DVI8E3IBZEU
seventeen;Darl+ing;Darl+ing;70;176546;6vo0dV9t7PCQZKsLFwVwZ5
seventeen;SEVENTEEN 4th Album 'Face the Sun';Darl+ing;70;176560;2j1Es5qEl4pD8GEe2WsYgP
seventeen;Heng:garæ;Left & Right;70;201773;5QGooKayQPVZMUDc8Qt3Dm
seventeen;SEVENTEEN 8th Mini Album 'Your Choice';Ready to love;70;186760;2FymmKBuog0loCuNXMwQID
seventeen;SEVENTEEN 4th Album 'Face the Sun';DON QUIXOTE;68;172360;7BiEgR5r0yMmFoWC9kOTGf
seventeen;SEVENTEEN 4th Album Repackage 'SECTOR 17';Circles;67;239613;6rurduYegrf5XSZrphuyF2
seventeen;SEVENTEEN 2ND ALBUM 'TEEN, AGE' (2);CLAP;67;167797;19t5GSN3XsLB7UOsZD8Fwv
seventeen;SEVENTEEN 6TH MINI ALBUM 'YOU MADE MY DAWN';Home;65;203731;5TyCTVsBsHeeutZcU2uP5s
dermot kennedy;Better Days;Better Days;74;198221;48USW4aYqrylYWJmFPbC8A
dermot kennedy;Songs of Sonder;Innocence and Sadness;72;252657;1oZqKv594G6ojGvDhEFsDw
dermot kennedy;Songs of Sonder;Kiss Me;68;229436;2hFDO1f9t96wZZdQnn5ejI
eagles;Hotel California (2013 Remaster);Hotel California - 2013 Remaster;84;391376;40riOy7x9W7GXjyGp4pjAv
eagles;Eagles (2013 Remaster);Take It Easy - 2013 Remaster;77;211577;4yugZvBYaoREkJKtbG08Qr
eagles;Hotel California (2013 Remaster);Life in the Fast Lane - 2013 Remaster;72;286219;6gXrEUzibufX9xYPk3HD5p
eagles;One of These Nights (2013 Remaster);One of These Nights - 2013 Remaster;71;291685;608xszaAxVh4m7NcKJiAbF
eagles;Desperado (2013 Remaster);Desperado - 2013 Remaster;68;213712;2TjnCxxQRYn56Ye8gkUKiW
eagles;Hotel California (2013 Remaster);New Kid in Town - 2013 Remaster;67;304925;6Zyz8lsnMFpIrCTuvGurCB
eagles;Hell Freezes Over (Remaster 2018);Love Will Keep Us Alive;66;243453;7bJSiwLFnhoO7g83bWkCtA
eagles;Hell Freezes Over (Remaster 2018);Hotel California - Live On MTV, 1994;65;432040;2GpBrAoCwt48fxjgjlzMd4
milky chance;Sadnecessary;Stolen Dance;80;313684;34xGLuxM0rkxhCVyMSqwJO
milky chance;Synchronize;Synchronize;73;164576;6Ql7rNuoP90aIdgwQkPYBP
milky chance;Sadnecessary;Down By The River;66;241052;5itF66zYn38tEXTAvFPqIk
milky chance;Sadnecessary;Flashed Junk Mind;66;262000;2D85QAziPXN1KMIW50NPpl
survivor;Rocky IV;Eye of the Tiger;77;245640;2KH16WveTQWT6KOG9Rg6e2
survivor;Eye Of The Tiger;Eye of the Tiger;75;243773;2HHtWyy5CgaQbC7XSoOb0e
survivor;Survivor Greatest Hits;Burning Heart - From "Rocky IV" Soundtrack;68;230106;2VN7uPrbryJ7nE2MXX3f9a
survivor;Rocky IV;Burning Heart - From "Rocky IV" Soundtrack;65;230720;2avaSeKHI5l4sLruVfLdi2
weathers;Happy Pills;Happy Pills;71;203080;3zjjzKg16tczCMwckGKGuH
black veil brides;Wretched and Divine: The Story Of The Wild Ones;In The End;71;228280;1RTYixE1DD3g3upEpmCJpa
the struts;Everybody Wants;Could Have Been Me;71;187653;3IyCL4Em1GOpNGDf451Hg1
mountain;Climbing!;Mississippi Queen;71;151293;4vO9dmzNRqDhFY3jD1a3P7
jbee;Next Up - S4-E2;Next Up - S4-E2, Pt. 1;77;120839;5wwPdWKbDEiybmWkZqsGGn
jbee;4am;4am;75;193714;3jTWd38NseaNnSuIK2Ybsp
jbee;Talking Stage;Talking Stage;66;177464;3Kim4tV3HTnpaELmIh56lI
jbee;24's;24's;66;166027;6pe4kkc27IKSkubhLY7a5C
grizzly bear;Veckatimest;Two Weeks;71;243160;0iTpQYzJnYgh7kIxyq8A2O
lonestar;Lonely Grill;Amazed;71;240866;6qc34bnVOyqGDPni8H5W0U
the chicks;Fly;Cowboy Take Me Away;71;287266;3rXCZRMiMZp0feGcYXpwYX
bob seger;Stranger In Town;Old Time Rock & Roll;74;194146;5EOoMWIB9iK4ZpcSex9Ec7
bob seger;Night Moves;Night Moves;72;324422;6UBjSnyP1O5W5ndJoO9vUk
bob seger;Against The Wind;Against The Wind;67;333720;1SWmFiFSIBoDbQJjNKC7SR
brooks & dunn;#1s ... and then some;Boot Scootin' Boogie;71;198226;7Fq9RwQxSn3kW85PrDUf0M
jony;Список твоих мыслей;Love Your Voice;71;150329;4hyVrAsoKKjxAvQjPRt0ai
prettymuch;Phases - EP;Eyes Off You;71;204266;0VpEX8ib3wE7u8NOw4szU6
wild cherry;Wild Cherry;Play That Funky Music;71;300000;5uuJruktM9fMdN9Va0DUMl
vinai;Rise Up (feat. Vamero);Rise Up (feat. Vamero);71;182000;46lyJh9GYmWsHez3EsvmAx
ruelle;Up In Flames;War Of Hearts;71;226216;4R8BdwRidxAWaYyFNU00P1
metronomy;The English Riviera;The Look;71;277653;6zfczP87XO2SxWlQtnjFNa
the front bottoms;Talon Of The Hawk;Twin Size Mattress;71;264676;14N3tALR3Mhf7UHpJRKk4L
the oh hellos;Dear Wormwood;Soldier, Poet, King;71;165673;3xtiXNDbSKxy20I7D6vFUg
john vincent iii;Songs from the Valley;Next to You;71;256519;3MwHZDGwAR8RjZZBriBqmx
xavier rudd;Spirit Bird;Follow The Sun;71;256266;3Y7fpFZbHLpAvWJJYGehz0
oboy;OMEGA;Avec Toi;71;193813;656vbT8JKkVx7g1yG12L89
plk;Enna Boost;Attentat;71;194266;5ioieZofgvXQK70RFhVohl
reo speedwagon;Wheels Are Turnin';Can't Fight This Feeling;73;294773;5WwqdeavrQrbeAMDxGawse
reo speedwagon;Hi Infidelity (30th Anniversary Edition);Keep on Loving You;72;200293;4rcHWl68ai6KvpXlc8vbnE
reo speedwagon;Hi Infidelity (30th Anniversary Edition);Take It On the Run;68;239680;5gys5nzVQIYhgHIfiOJYva
the cult;Love;She Sells Sanctuary;71;252533;3qLZ866ZfaK0B0R5FIqXLG
souls of mischief;93 'til Infinity;93 'Til Infinity;71;286440;0PV1TFUMTBrDETzW6KQulB
awfultune;I Met Sarah in the Bathroom;I Met Sarah in the Bathroom;76;121374;0mr8FAnN9X70p5KRUwMIJx
awfultune;redesign;redesign;66;148548;6L1V0LvpXBJ7QptKuLUj3v
badbadnotgood;IV;Time Moves Slow;71;273864;1IqF5PUDUnaykHLs0RWbDO
bol4;Red Diary Page.1;Some;74;181373;3jsYQw78lrxJA2ysnmOIf9
bol4;Red Diary Page.1;To My Youth;68;222680;4gMPlHHAjOQnUrhsuqHivn
ikon;Return;LOVE SCENARIO;71;209648;3d3ELsqKlQ7WA0a10Isu3l
taeyong;2021 Winter SMTOWN : SMCU EXPRESS;ZOO;71;177413;7eVu7FI02cTicLEgVtUvwF
weeekly;We play;After School;71;205373;52CBUrIdyf8tbZaUY9iawE
sam kim;Nevertheless, (Original Television Soundtrack, Pt. 6);Love Me Like That;71;211363;1lhm29o3syw122xynSKaAK
exid;X;FIRE;71;207013;7IkuRNVAjwXpZ2DheQHL4L
bruce hornsby;The Way It Is;The Way It Is;71;297853;6V50MyHPGhEmwYu0Wdyf0t
shasings;Let Me Down Slowly / Mai Dhoondhne Ko Zamaney / Kabhi Jo Badal Barsey (Medley);Let Me Down Slowly / Mai Dhoondhne Ko Zamaney / Kabhi Jo Badal Barsey (Medley);71;147579;2VrSkfinwUSNc7uAXiL0FA
priya saraiya;ABCD 2;Sun Saathiya;71;218724;0zuqABAUKs8WLVq8vCmfst
joan jett & the blackhearts;I Love Rock 'N' Roll (Expanded Edition);I Love Rock 'N Roll;77;175173;2Cdvbe2G4hZsnhNMKyGrie
joan jett & the blackhearts;Bad Reputation (Expanded Edition);Bad Reputation;68;169186;7pu8AhGUxHZSCWTkQ2eb5M
joan jett & the blackhearts;Up Your Alley;I Hate Myself for Loving You;68;246800;2HXixVqzzm9rEUIMAWzshl
bowling for soup;A Hangover You Don't Deserve;1985;71;193000;5oQcOu1omDykbIPSdSQQNJ
iamchino;Ay Mi Dios;Ay Mi Dios;71;252003;5Uel5PmPBZICA0TQTI912U
gazzzy;Feel Like God;Feel Like God;71;155951;0Ck25uqrWpIM3yGPP5lxFW
gentrammel;Out Of My Mind;Out Of My Mind;71;173846;01UeBfllW39eaKdiCw556R
aidan bissett;Tripping Over Air;Tripping Over Air;72;182382;7mzPAftljnsFmU6131Pqcd
aidan bissett;More Than Friends;More Than Friends;70;183012;1Ph96WpdjNlwD6iKRE2Xa3
jess benko;Do You Love Me, or Are You Just Lonely?;A Soulmate Who Wasn’t Meant to Be;71;316556;0gOz9JUXsaKVzLTSmFDtdo
neil young;Eat, Pray, Love;Heart Of Gold;74;188440;5vd1QZ0tdXOExiegC55IAS
neil young;Eat, Pray, Love;Harvest Moon;68;299106;2nekCvC9XRXQckWNnkIp2l
jeff buckley;Grace;Hallelujah;71;413826;3pRaLNL3b8x5uBOcsgvdqM
little circuits;Beautiful Imagination;Beautiful Imagination;71;143052;5LEHlRPjGcZ5RdagAwXpHS
ark patrol;Let Go;Let Go;71;248056;3kdlVcMVsSkbsUy8eQcBjI
marina;Electra Heart (Deluxe);Bubblegum Bitch;78;154666;6IbnUaczZBT34DhaD6S18F
marina;Electra Heart (Deluxe);Primadonna;74;221075;4sOX1nhpKwFWPvoMMExi3q
marina;The Family Jewels;Oh No!;72;182586;4sNwdacKyi2S26WrRtNama
marina;The Family Jewels;Are You Satisfied?;71;198960;6lKRMylSZMtA7EqPl0pcdI
marina;Electra Heart (Deluxe);How to Be a Heartbreaker;71;221493;2sEk5R8ErGIFxbZ7rX6S2S
marina;About Love (From The Netflix Film “To All The Boys: P.S. I Still Love You”);About Love - From The Netflix Film “To All The Boys: P.S. I Still Love You”;59;214106;4XII12nbsvJblXfG1I2QR4
boston;Boston;More Than a Feeling;79;285133;1QEEqeFIZktqIpPI4jSVSF
boston;Boston;Peace of Mind;68;303586;1GqlvSEtMx5xbGptxOTTyk
boston;Third Stage;Amanda;65;256200;4gpext9x0CbdD9NWaa4nDj
sigala;Stay the Night;Stay the Night;77;171954;4qtdkdTY1t3RmlmSbWykzR
sigala;Melody;Melody;75;167142;6Owc2SuzwO3LW1SAODYK3l
sigala;You for Me;You for Me;73;175435;73QyyUMMvtNELmULI4FOsp
sigala;Lasting Lover;Lasting Lover;72;218358;0DmAvNCAK08oCi7miSZUIY
sigala;Brighter Days;We Don't Care;56;207666;6THwtgImf1ZAR2w3iknjeS
lovelytheband;sail away;sail away;71;179000;6G8xvLFNkXy3HM5EbQI6c8
lovelytheband;finding it hard to smile;broken;70;204878;6XcfKZvJio9Z0fQy11GnNX
keung to;風雨不改 (電影《阿媽有咗第二個》主題曲);風雨不改 (電影《阿媽有咗第二個》主題曲);72;308053;172oAbLGpgeCsukno7oBRe
keung to;Dear My Friend,;Dear My Friend,;69;232007;11IqNbLOD4s4nVYSuEttFR
vundabar;Gawk;Alien Blues;82;155933;11iIikXxC6NP0Ma8vMD27x
vundabar;Gawk;Oulala;59;264346;499SvLeXfMRLhi6BSrPU3Y
nct dream;Beatbox - The 2nd Album Repackage;Beatbox;73;205133;0CatzXH85XWyBqqdB6qPMB
nct dream;Hot Sauce - The 1st Album;Hot Sauce;68;195813;6B8MM3PVQtUbZLay7tP7er
neck deep;The Peace And The Panic;Wish You Were Here;73;248253;4Ssi6tKwrTHi5qvDndrZRP
neck deep;Life's Not Out To Get You;December;68;218954;4oVdhvxZrKQTM9ZsUIZa3S
inner circle;Blazzin' Fire;Sweat (A La La La La Long);72;227067;1SssFw74DdHVjRa6ADggdD
inner circle;Blazzin' Fire;Bad Boys (Theme from COPS);69;229374;0qeKzbUsW0V4ZWRJrHNiD3
mimi webb;Ghost of You;Ghost of You;74;158063;7Kbw2fTMOU43MrqXdGzroh
mimi webb;House On Fire;House On Fire;73;140803;2iHsdUnmKGIuc9oRE3DfgJ
mimi webb;Good Without;Good Without;69;182121;15OCqNPYoLziEAsbVnqRj5
mimi webb;Goodbye;Goodbye;66;184167;5b6enCVP67LsqqrfTs6rxr
mecano;Entre el Cielo y el Suelo (Bonus Tracks Edition);Me cuesta tanto olvidarte;72;174946;1w2Nnj1HEUgoOglVRWfZj8
mecano;Entre el Cielo y el Suelo (Bonus Tracks Edition);Hijo de la luna;69;259146;2LmlZvAmT1L0O3iPVSQWOX
edis;Arıyorum;Arıyorum;72;193805;6g6MHm9u0h2Em9Xuk89eqR
edis;Martılar;Martılar;69;157439;1xEpgyKx4ZHtefFAh0SmU5
camilo;De Adentro Pa Afuera;Aeropuerto;78;177626;4v7riPZWyAclrOfUSwD0zp
camilo;KESI (Remix);KESI - Remix;76;176575;0IqCoZ168iRc9LqfrYgpZy
camilo;Pegao;Pegao;74;160733;7Dk8r4VR5NoveUvTiCKEXC
camilo;Mis Manos;KESI;70;177255;42lpuSQmnLUM1ZXJVzIVOi
camilo;Tutu;Tutu;69;178613;1nocRtwyNPVtGcIJqfgdzZ
camilo;Por Primera Vez;Tutu;65;179339;1Ol5LmdNDNpFu1oNwfgkux
camilo;Tutu (Remix);Tutu - Remix;61;164191;302I7g0l3jmAbzFu9WBCmu
tomorrow x together;minisode 2: Thursday's Child;Good Boy Gone Bad;78;191038;1HsSIPLTQT354yJcQGfEY3
tomorrow x together;The Chaos Chapter: FIGHT OR ESCAPE;LO$ER=LO♡ER;75;199919;21aOLk12MksET8AsbU0SI6
tomorrow x together;The Chaos Chapter: FREEZE;0X1=LOVESONG (I Know I Love You) feat. Seori;74;202203;1Z8TPHiKeCUyClxV6WTTIf
tomorrow x together;minisode1 : Blue Hour;Blue Hour;73;209105;3ObPkJQAgjAhTwYvDhPrAW
tomorrow x together;The Chaos Chapter: FREEZE;Anti-Romantic;72;215188;44tTqUi3xi7E28QLzHVdUA
tomorrow x together;minisode 2: Thursday's Child;Opening Sequence;71;177976;1exxGxUMlJWD1h9YcE9YZH
tomorrow x together;minisode 2: Thursday's Child;Lonely Boy (The tattoo on my ring finger);71;168751;6AOrC7t2WS5ykYcnoHpiS2
tomorrow x together;The Dream Chapter: MAGIC;9 and Three Quarters (Run Away);69;211866;1rqb2FCXVn2HNL1afJEnTr
tomorrow x together;Valley of Lies;Valley of Lies;69;184093;3Bgl1xMI00capuTqUHBNUW
tomorrow x together;minisode 2: Thursday's Child;Thursday's Child Has Far To Go;68;211399;04CHEoMbrLOiX8co3EG5dO
tomorrow x together;The Dream Chapter: ETERNITY;Can't You See Me?;67;201445;2ecGP5xUE5126x6yHa7J6E
tomorrow x together;The Dream Chapter: STAR;CROWN;66;230706;0EmYZZ8OqeALedVhijSjsg
tomorrow x together;The Dream Chapter: STAR;Cat & Dog;66;187573;3RsEvBUaNT9MXqUvQVuK1G
tomorrow x together;minisode 2: Thursday's Child;Trust Fund Baby;66;156364;20pl0RVGT7P6L1Jr9p51nw
vishal mishra;Kaise Hua (From "Kabir Singh");Kaise Hua (From "Kabir Singh");72;234722;1y1rQTkWmrZdJmjwuK07GC
vishal mishra;Kabir Singh;Kaise Hua;71;234722;5w0Xpt2YHT2Y3z3e4UUJP7
vishal mishra;Manjha;Manjha;71;191647;0UZLaEOSIc5kg0cc7eszqC
vishal mishra;Teri Hogaiyaan (From "Broken But Beautiful Season 2");Teri Hogaiyaan;69;175874;53S98SFeRSxjd7F7eUnfAJ
vishal mishra;Naacho Naacho (From "Rrr");Naacho Naacho (From "Rrr");68;214207;208sMwgVcaFt2mT79Df1KG
lauren daigle;Look Up Child;You Say;75;274693;6Up545NUflOiXo8cEraH49
lauren daigle;Look Up Child;Rescue;69;215613;7r9kOxiNDnkAg5QKqtyjVk
lauren daigle;How Can It Be;Trust in You;66;211600;50f6Sc85lbQgEaOfQm41Zr
prinz;Peter Pan (feat. Liilz);Peter Pan (feat. Liilz);70;139586;6lft9WPolzGl1c0sxWAMsZ
jake owen;Greetings From...Jake;Made For You;70;238400;7vF3xkCMvZjAe2nTWY0uQZ
the bellamy brothers;Bellamy Brothers;Let Your Love Flow;70;198760;064SVQsmWl5EF0zahmzkQk
niko moon;GOOD TIME;GOOD TIME;70;214720;2S8UMuLJ0z8agFgFGJ6Ztt
desireless;François;Voyage voyage;70;266600;2d8D7uk3tbAThjRkdfrx9c
kim wilde;Kim Wilde;Kids In America;70;205533;1YGZyfvdgZxzipWoWYVKxi
marc benjamin;I Want More;I Want More;70;129600;4ZWyj5whGZ3nNLwOtOLrMt
lil xan;TOTAL XANARCHY;Betrayed;70;187173;4vaxvNDaLSoD36iZX515ug
matt maltese;As the World Caves In;As the World Caves In;73;218754;4JE6agBLHGA5TaF6FlqfBD
matt maltese;Bad Contestant;As the World Caves In;71;218754;3NM41PVVUr0ceootKAtkAj
matt maltese;Krystal;Krystal;68;220244;5JJPfHpByZ66XsEyCNVi2p
matt maltese;Good Morning It's Now Tomorrow;Everyone Adores You (at least I do);68;203133;6klFWv2xDGeTDoiKTtx4hg
bread;Baby I'm-a Want You;Everything I Own;70;187000;52VIdyKqp1pJRSyUQaxKUA
ridsa;Santa Maria;Santa Maria;70;189519;3wfQEIvOfeVkXgGZogK3gL
mc kevinho;Olha A Explosão;Olha A Explosão;70;162053;6Q4foUefrAyCt8VxJFML56
saving abel;Saving Abel;Addicted;70;222826;3pxCXv0NACYfYnLjFcQW5D
chevelle;Wonder What's Next (Expanded Edition);The Red;70;238400;1gyee1JuFFiP476LQpRMYU
eddie money;Can't Hold Back;Take Me Home Tonight;70;211160;7b4yGtR0rujvLi5EBfKKJ2
saint jhn;Roses (Imanbek Remix);Roses - Imanbek Remix;81;176840;24Yi9hE78yPEbZ4kxyoXAI
saint jhn;Ghetto Lenny's Love Songs;Trap (feat. Lil Baby);67;184699;2Y8hY4rRRQQjdaZkkwzpd9
saint jhn;Collection One;Roses;62;173610;3mRlFZHUyvJbPTlkzg4LyJ
the black skirts;TEAM BABY;EVERYTHING;70;293000;19Hg1UCZaCdpHB37L7x63X
daisy the great;Record Player (with AJR);Record Player (with AJR);70;149538;4jYt1pQqg2mIZmY4FWCZEM
khai dreams;Now and Then;Sunkissed;70;126464;1tD8J13a74q8fBqXwAP50j
frankie cosmos;Next Thing;Fool;70;124021;5Yx9t9RgATAtYoHN8gbRM0
bia;LONDON (feat. J. Cole);LONDON (feat. J. Cole);70;250722;5vhrsx08dHh2QcVh1Rsiwt
dellafuente;K alegría;K alegría;70;159215;4FvJysAX0y4TfHE9CIprrx
the rasmus;Dead Letters;In the Shadows;70;257920;1fr92Vupmcs2vgLMFVQ7rd
emanuel fremont;Saying Things;Saying Things;70;123500;2bjQvSk5T3A2dmnqqeRhzI
stebin ben;Thoda Thoda Pyaar;Thoda Thoda Pyaar;74;244724;5nsET7aVWXu017lsQjRFCV
stebin ben;Mera Dil Bhi Kitna Pagal Hai (Recreated Version);Mera Dil Bhi Kitna Pagal Hai - Recreated Version;70;200827;2n9ylYiF7urpXo36qBwr3g
stebin ben;Chupana Bhi Nahi Aata (Recreated Version);Chupana Bhi Nahi Aata - Recreated Version;66;178598;5vX8Lsju18s8HnFNRSlwmj
dropkick murphys;The Warrior's Code;I'm Shipping Up To Boston;70;153600;7rSERmjAT38lC5QhJ8hnQc
r. city;What Dreams Are Made Of;Locked Away (feat. Adam Levine);78;227480;7x5xYW5W42OGPAdHUyyguy
r. city;Locked Away (feat. Adam Levine);Locked Away (feat. Adam Levine);62;227280;0sQLhT32E9ZG2zn5iYR6nN
matt simons;When The Lights Go Down;Catch & Release - Deepend Remix;70;195173;11BAVEGi1ivJ6JWLqKUNrZ
minik knudsen;I et andet liv;I et andet liv;70;186500;48UNHWGzRfk4AOKrCJM7XJ
sports;Naked All the Time;You Are the Right One;70;172506;2qpacEyFxmbxCpIEqZkqvC
parcels;Tieduprightnow;Tieduprightnow;70;249956;66tkDkPsznE5zIHNt4QkXB
cynthia erivo;Stand Up (From Harriet);Stand Up (From Harriet);70;303477;3wNNbf63xkxw9rIVWtFy7a
neil frances;Music Sounds Better with You;Music Sounds Better with You;70;198305;1vMGIZbIkpaLSagdF2ygcV
blackbear;dead;idfc;81;207026;3SErMoIKdRELto2OspGs5L
blackbear;everything means nothing;hot girl bummer;80;188343;6jRq8gaZhMUyy5RclRPcAf
blackbear;deadroses;idfc;76;245172;6y6jbcPG4Yn3Du4moXaenr
blackbear;digital druglord;do re mi;73;212027;6Se3x9ANMLv0dCDsjGmEjh
blackbear;@ my worst;@ my worst;69;191364;0mHGftgYtmpH4y17T3VZ2E
blackbear;in loving memory;gfy (with Machine Gun Kelly);69;174066;4nvGIQPgLnWWJUJrnRsIOX
blackbear;everything means nothing;queen of broken hearts;67;171171;1xyUCr7dIJYaUaaiDf4Q1L
blackbear;everything means nothing;me & ur ghost;67;201398;5tiZBnx5IvETA0Pj3gELjn
blackbear;idfc (Tarro Remix);idfc - Tarro Remix;64;248633;1wsZ0cp5He4Wm4yohNjwIs
blackbear;everything means nothing;if I were u (with Lauv);63;186468;2ttGfRawDPWlkAoXxP5Z72
blackbear;everything means nothing;smile again;60;149253;0rWMOzZ7fFYZWI1qlCY4Ig
red velvet;‘The ReVe Festival’ Finale;Psycho;75;210560;3CYH422oy1cZNoo0GTG1TK
red velvet;‘The ReVe Festival 2022 - Feel My Rhythm’;Feel My Rhythm;75;210253;2oBMZYteeO8DyXV9gDx6Za
red velvet;The Perfect Red Velvet - The 2nd Album Repackage;Bad Boy;71;210817;5GKwq4sO5ZHKuWaDmdwMQc
red velvet;Queendom - The 6th Mini Album;Queendom;69;181760;6SpPr7K4YQ2wp8jU6uOTmQ
red velvet;Perfect Velvet - The 2nd Album;Peek-A-Boo;67;189049;42tFTth2jcF7iSo0RBjfJF
red velvet;START-UP (Original Television Soundtrack) Pt. 1;Future;62;215880;2gvlPqqngL3BppFCwLXnVc
blackpink;BORN PINK;Shut Down;87;175889;6tCd8bPvYnceDG7W9M1RMk
blackpink;Pink Venom;Pink Venom;85;186964;7EyhPjrJzjx0fk2i7vUJCS
blackpink;BORN PINK;Pink Venom;83;186964;5P3o95Jf0YBQRQ4j2XPpfC
blackpink;BORN PINK;Typa Girl;82;179172;3BHR1mJOqn2UZyq98YKPgd
blackpink;BORN PINK;Hard to Love;80;162569;1I2MEjnS9c4OPMnKWbIuYs
blackpink;BORN PINK;Tally;78;184248;6Ho58vQUjGnBU9m8Z6uNcv
blackpink;BORN PINK;The Happiest Girl;78;222025;21hB8x6QTEsTfIDENPcyXm
blackpink;SQUARE ONE;BOOMBAYAH;77;240793;13MF2TYuyfITClL1R2ei6e
blackpink;As If It's Your Last;As If It's Your Last;77;213264;4ZxOuNHhpyOj4gv52MtQpT
blackpink;BORN PINK;Yeah Yeah Yeah;77;178923;3ABi5sVjvEp08IQEKh8BmG
blackpink;BORN PINK;Ready For Love;76;184677;61tqrU7wp1EnoJ5ajtYXMl
blackpink;THE ALBUM;How You Like That;75;180956;6bvZRLLkBKkmgpBJTTj3QK
blackpink;SQUARE TWO;PLAYING WITH FIRE;75;197288;7qmvLmX9tyaTiBAVNI6YEn
blackpink;SQUARE ONE;WHISTLE;74;211631;6NEoeBLQbOMw92qMeLfI40
blackpink;BORN PINK;Shut Down;73;175889;34TQk2yqzMX6X3AAAOeUvT
blackpink;THE ALBUM;Lovesick Girls;73;192765;1GMufNnkKAnPLnqKJ5HHxW
blackpink;SQUARE UP;DDU-DU DDU-DU;71;209355;69BIczdH6QMnFx7dsSssN8
blackpink;THE ALBUM;Pretty Savage;71;199122;28tufPkTcXmdNqTvi9hsoG
blackpink;Kill This Love;Kill This Love;71;189052;5GK7eDDTVz7CTge1wJrDQW
blackpink;SQUARE TWO;STAY;71;230322;3tP6QKbXvtrxiDI7QwKyUf
blackpink;THE ALBUM;Ice Cream (with Selena Gomez);70;175813;1cdbkpZ3q1KYZDNSrOpdkb
blackpink;THE ALBUM;Love To Hate Me;67;169797;3Gk1LfB771PIEGgsEa7gcV
blackpink;SQUARE UP;Forever Young;67;237076;2Pp9osgyIcw6o1avfDDDhH
blackpink;BORN PINK;The Happiest Girl;67;222025;1dMN2vSRoKEGnIjDOmzmrz
blackpink;THE ALBUM;Crazy Over You;66;161945;7bi5vk9KoY6Flkat31ViYD
blackpink;THE ALBUM;You Never Know;66;229201;00J8yszzb5PR6ZIvSBtg0Y
blackpink;Kill This Love;Don't Know What To Do;66;201081;4ghGrdxwqLA6ZoCiu0u4IR
blackpink;BORN PINK;Ready For Love;64;184677;0NFjUVEW0ndIiodGuMhHQU
blackpink;THE ALBUM;Bet You Wanna (Feat. Cardi B);64;159168;3AgMOlgdrG9RJXDWifcjVd
blackpink;BLACKPINK ARENA TOUR 2018 "SPECIAL FINAL IN KYOCERA DOME OSAKA";SO HOT - THEBLACKLABEL REMIX BLACKPINK ARENA TOUR 2018 "SPECIAL FINAL IN KYOCERA DOME OSAKA";64;144166;1fMXWEkJpIH483OrKn1zFV
blackpink;SQUARE UP;Really;63;197789;4HxVweMysEnuYxy3gkFtKk
blackpink;BORN PINK;Yeah Yeah Yeah;63;178923;0Rl04KI0zAZAbS9WbUKj1F
blackpink;Kill This Love;Kick It;63;191225;3VN74YiIjtY5ouKahBjmRX
blackpink;Kill This Love;Hope Not;63;191030;29fsVDL9T36N0tyD7ByLdI
