# track_id_origen;track_id_destino;peso
4jPy3l0RUwlUI9T5XHBW2m;7iL6o9tox1zgHpKUfh9vuC;1.000
4jPy3l0RUwlUI9T5XHBW2m;7ycWLEP1GsNjVvcjawXz3z;1.000
4jPy3l0RUwlUI9T5XHBW2m;2vmfvSoZBFAt9hhRoEByLi;1.000
4jPy3l0RUwlUI9T5XHBW2m;7DbdUf8aHSYoliSjO6LZv6;1.000
4jPy3l0RUwlUI9T5XHBW2m;1ei3hzQmrgealgRKFxIcWn;1.000
4jPy3l0RUwlUI9T5XHBW2m;1xzi1Jcr7mEi9K2RfzLOqS;1.000
4jPy3l0RUwlUI9T5XHBW2m;2tTmW7RDtMQtBk7m2rYeSw;1.000
4jPy3l0RUwlUI9T5XHBW2m;2GiJYvgVaD2HtM8GqD9EgQ;1.000
4jPy3l0RUwlUI9T5XHBW2m;6Z8R6UsFuGXGtiIxiD8ISb;1.000
4jPy3l0RUwlUI9T5XHBW2m;5IgjP7X4th6nMNDh4akUHb;1.000
4jPy3l0RUwlUI9T5XHBW2m;4xqrdfXkTW4T0RauPLv3WA;1.000
4jPy3l0RUwlUI9T5XHBW2m;3F5CgOj3wFlRv51JsHbxhe;1.000
4jPy3l0RUwlUI9T5XHBW2m;03a359wbiUsjN9h6yzXvmS;1.000
4jPy3l0RUwlUI9T5XHBW2m;58HvfVOeJY7lUuCqF0m3ly;1.000
4jPy3l0RUwlUI9T5XHBW2m;7lQ8MOhq6IN2w8EYcFNSUk;1.000
4jPy3l0RUwlUI9T5XHBW2m;7w87IxuO7BDcJ3YUqCyMTT;1.000
4jPy3l0RUwlUI9T5XHBW2m;3B54sVLJ402zGa6Xm4YGNe;1.000
4jPy3l0RUwlUI9T5XHBW2m;3FAJ6O0NOHQV8Mc5Ri6ENp;1.000
4jPy3l0RUwlUI9T5XHBW2m;0qOnSQQF0yzuPWsXrQ9paz;1.000
4jPy3l0RUwlUI9T5XHBW2m;4LRPiXqCikLlN15c3yImP7;1.000
4jPy3l0RUwlUI9T5XHBW2m;2gYj9lubBorOPIVWsTXugG;1.000
4jPy3l0RUwlUI9T5XHBW2m;68Dni7IE4VyPkTOH9mRWHr;1.000
4jPy3l0RUwlUI9T5XHBW2m;5uCax9HTNlzGybIStD3vDh;1.000
4jPy3l0RUwlUI9T5XHBW2m;6xGruZOHLs39ZbVccQTuPZ;1.000
4jPy3l0RUwlUI9T5XHBW2m;7KXjTSCq5nL1LoYtL7XAwS;1.000
4jPy3l0RUwlUI9T5XHBW2m;7qEHsqek33rTcFNT9PFqLf;1.000
4jPy3l0RUwlUI9T5XHBW2m;38T0tPVZHcPZyhtOcCP7pF;1.000
4jPy3l0RUwlUI9T5XHBW2m;6i1g5ZRmJZAkDwBaUZ3f2i;1.000
4jPy3l0RUwlUI9T5XHBW2m;5ww2BF9slyYgNOk37BlC4u;1.000
4jPy3l0RUwlUI9T5XHBW2m;6FE2iI43OZnszFLuLtvvmg;1.000
4jPy3l0RUwlUI9T5XHBW2m;5jt25aFjW2kNoBqaEVaz5W;1.000
4jPy3l0RUwlUI9T5XHBW2m;6foY66mWZN0pSRjZ408c00;1.000
4jPy3l0RUwlUI9T5XHBW2m;3cBsEDNhFI9E82vPj3kvi3;1.000
4jPy3l0RUwlUI9T5XHBW2m;5uU1uuyaUIBOiiUSQG7Wl3;1.000
4jPy3l0RUwlUI9T5XHBW2m;3Wrjm47oTz2sjIgck11l5e;1.000
4jPy3l0RUwlUI9T5XHBW2m;2GThBgzZoZfz0lx1JjBwfe;1.000
4jPy3l0RUwlUI9T5XHBW2m;2tGvwE8GcFKwNdAXMnlbfl;1.000
4jPy3l0RUwlUI9T5XHBW2m;6HU7h9RYOaPRFeh0R3UeAr;1.000
4jPy3l0RUwlUI9T5XHBW2m;4ZtFanR9U6ndgddUvNcjcG;1.000
4jPy3l0RUwlUI9T5XHBW2m;5CZ40GBx1sQ9agT82CLQCT;1.000
4jPy3l0RUwlUI9T5XHBW2m;5wANPM4fQCJwkGd4rN57mH;1.000
4jPy3l0RUwlUI9T5XHBW2m;5O2P9iiztwhomNh8xkR9lJ;1.000
4jPy3l0RUwlUI9T5XHBW2m;0kTMK4gNFfLXaTb62w1UaJ;1.000
4jPy3l0RUwlUI9T5XHBW2m;5fhcuVxuBWfgNXGuyAtLmr;1.000
4jPy3l0RUwlUI9T5XHBW2m;0WtM2NBVQNNJLh6scP13H8;1.000
4jPy3l0RUwlUI9T5XHBW2m;4cG7HUWYHBV6R6tHn1gxrl;1.000
4jPy3l0RUwlUI9T5XHBW2m;2eAvDnpXP5W0cVtiI0PUxV;1.000
4jPy3l0RUwlUI9T5XHBW2m;45bE4HXI0AwGZXfZtMp8JR;1.000
4jPy3l0RUwlUI9T5XHBW2m;5HCyWlXZPP0y6Gqq8TgA20;1.000
4jPy3l0RUwlUI9T5XHBW2m;2374M0fQpWi3dLnB54qaLX;1.000
4jPy3l0RUwlUI9T5XHBW2m;4HlFJV71xXKIGcU3kRyttv;1.000
4jPy3l0RUwlUI9T5XHBW2m;1KIJclzEbNhSVw8tiHPWwE;1.000
4jPy3l0RUwlUI9T5XHBW2m;2vWBUC9djv6BtiGlmKiQaH;1.000
4jPy3l0RUwlUI9T5XHBW2m;4cacyP5c3PMlfnyjpg13xW;1.000
4jPy3l0RUwlUI9T5XHBW2m;6GomT970rCOkKAyyrwJeZi;1.000
7iL6o9tox1zgHpKUfh9vuC;7ycWLEP1GsNjVvcjawXz3z;1.000
7iL6o9tox1zgHpKUfh9vuC;2vmfvSoZBFAt9hhRoEByLi;1.000
7iL6o9tox1zgHpKUfh9vuC;7DbdUf8aHSYoliSjO6LZv6;1.000
7iL6o9tox1zgHpKUfh9vuC;1ei3hzQmrgealgRKFxIcWn;1.000
7iL6o9tox1zgHpKUfh9vuC;1xzi1Jcr7mEi9K2RfzLOqS;1.000
7iL6o9tox1zgHpKUfh9vuC;2tTmW7RDtMQtBk7m2rYeSw;1.000
7iL6o9tox1zgHpKUfh9vuC;2GiJYvgVaD2HtM8GqD9EgQ;1.000
7iL6o9tox1zgHpKUfh9vuC;6Z8R6UsFuGXGtiIxiD8ISb;1.000
7iL6o9tox1zgHpKUfh9vuC;5IgjP7X4th6nMNDh4akUHb;1.000
7iL6o9tox1zgHpKUfh9vuC;4xqrdfXkTW4T0RauPLv3WA;1.000
7iL6o9tox1zgHpKUfh9vuC;3F5CgOj3wFlRv51JsHbxhe;1.000
7iL6o9tox1zgHpKUfh9vuC;03a359wbiUsjN9h6yzXvmS;1.000
7iL6o9tox1zgHpKUfh9vuC;58HvfVOeJY7lUuCqF0m3ly;1.000
7iL6o9tox1zgHpKUfh9vuC;7lQ8MOhq6IN2w8EYcFNSUk;1.000
7iL6o9tox1zgHpKUfh9vuC;7w87IxuO7BDcJ3YUqCyMTT;1.000
7iL6o9tox1zgHpKUfh9vuC;3B54sVLJ402zGa6Xm4YGNe;1.000
7iL6o9tox1zgHpKUfh9vuC;3FAJ6O0NOHQV8Mc5Ri6ENp;1.000
7iL6o9tox1zgHpKUfh9vuC;0qOnSQQF0yzuPWsXrQ9paz;1.000
7iL6o9tox1zgHpKUfh9vuC;4LRPiXqCikLlN15c3yImP7;1.000
7iL6o9tox1zgHpKUfh9vuC;2gYj9lubBorOPIVWsTXugG;1.000
7iL6o9tox1zgHpKUfh9vuC;68Dni7IE4VyPkTOH9mRWHr;1.000
7iL6o9tox1zgHpKUfh9vuC;5uCax9HTNlzGybIStD3vDh;1.000
7iL6o9tox1zgHpKUfh9vuC;6xGruZOHLs39ZbVccQTuPZ;1.000
7iL6o9tox1zgHpKUfh9vuC;7KXjTSCq5nL1LoYtL7XAwS;1.000
7iL6o9tox1zgHpKUfh9vuC;7qEHsqek33rTcFNT9PFqLf;1.000
7iL6o9tox1zgHpKUfh9vuC;38T0tPVZHcPZyhtOcCP7pF;1.000
7iL6o9tox1zgHpKUfh9vuC;6i1g5ZRmJZAkDwBaUZ3f2i;1.000
7iL6o9tox1zgHpKUfh9vuC;5ww2BF9slyYgNOk37BlC4u;1.000
7iL6o9tox1zgHpKUfh9vuC;6FE2iI43OZnszFLuLtvvmg;1.000
7iL6o9tox1zgHpKUfh9vuC;5jt25aFjW2kNoBqaEVaz5W;1.000
7iL6o9tox1zgHpKUfh9vuC;6foY66mWZN0pSRjZ408c00;1.000
7iL6o9tox1zgHpKUfh9vuC;3cBsEDNhFI9E82vPj3kvi3;1.000
7iL6o9tox1zgHpKUfh9vuC;5uU1uuyaUIBOiiUSQG7Wl3;1.000
7iL6o9tox1zgHpKUfh9vuC;3Wrjm47oTz2sjIgck11l5e;1.000
7iL6o9tox1zgHpKUfh9vuC;2GThBgzZoZfz0lx1JjBwfe;1.000
7iL6o9tox1zgHpKUfh9vuC;2tGvwE8GcFKwNdAXMnlbfl;1.000
7iL6o9tox1zgHpKUfh9vuC;6HU7h9RYOaPRFeh0R3UeAr;1.000
7iL6o9tox1zgHpKUfh9vuC;4ZtFanR9U6ndgddUvNcjcG;1.000
7iL6o9tox1zgHpKUfh9vuC;5CZ40GBx1sQ9agT82CLQCT;1.000
7iL6o9tox1zgHpKUfh9vuC;5wANPM4fQCJwkGd4rN57mH;1.000
7iL6o9tox1zgHpKUfh9vuC;5O2P9iiztwhomNh8xkR9lJ;1.000
7iL6o9tox1zgHpKUfh9vuC;0kTMK4gNFfLXaTb62w1UaJ;1.000
7iL6o9tox1zgHpKUfh9vuC;5fhcuVxuBWfgNXGuyAtLmr;1.000
7iL6o9tox1zgHpKUfh9vuC;0WtM2NBVQNNJLh6scP13H8;1.000
7iL6o9tox1zgHpKUfh9vuC;4cG7HUWYHBV6R6tHn1gxrl;1.000
7iL6o9tox1zgHpKUfh9vuC;2eAvDnpXP5W0cVtiI0PUxV;1.000
7iL6o9tox1zgHpKUfh9vuC;45bE4HXI0AwGZXfZtMp8JR;1.000
7iL6o9tox1zgHpKUfh9vuC;5HCyWlXZPP0y6Gqq8TgA20;1.000
7iL6o9tox1zgHpKUfh9vuC;2374M0fQpWi3dLnB54qaLX;1.000
7iL6o9tox1zgHpKUfh9vuC;4HlFJV71xXKIGcU3kRyttv;1.000
7iL6o9tox1zgHpKUfh9vuC;1KIJclzEbNhSVw8tiHPWwE;1.000
7iL6o9tox1zgHpKUfh9vuC;2vWBUC9djv6BtiGlmKiQaH;1.000
7iL6o9tox1zgHpKUfh9vuC;4cacyP5c3PMlfnyjpg13xW;1.000
7iL6o9tox1zgHpKUfh9vuC;6GomT970rCOkKAyyrwJeZi;1.000
7ycWLEP1GsNjVvcjawXz3z;2vmfvSoZBFAt9hhRoEByLi;1.000
7ycWLEP1GsNjVvcjawXz3z;7DbdUf8aHSYoliSjO6LZv6;1.000
7ycWLEP1GsNjVvcjawXz3z;1ei3hzQmrgealgRKFxIcWn;1.000
7ycWLEP1GsNjVvcjawXz3z;1xzi1Jcr7mEi9K2RfzLOqS;1.000
7ycWLEP1GsNjVvcjawXz3z;2tTmW7RDtMQtBk7m2rYeSw;1.000
7ycWLEP1GsNjVvcjawXz3z;2GiJYvgVaD2HtM8GqD9EgQ;1.000
7ycWLEP1GsNjVvcjawXz3z;6Z8R6UsFuGXGtiIxiD8ISb;1.000
7ycWLEP1GsNjVvcjawXz3z;5IgjP7X4th6nMNDh4akUHb;1.000
7ycWLEP1GsNjVvcjawXz3z;4xqrdfXkTW4T0RauPLv3WA;1.000
7ycWLEP1GsNjVvcjawXz3z;3F5CgOj3wFlRv51JsHbxhe;1.000
7ycWLEP1GsNjVvcjawXz3z;03a359wbiUsjN9h6yzXvmS;1.000
7ycWLEP1GsNjVvcjawXz3z;58HvfVOeJY7lUuCqF0m3ly;1.000
7ycWLEP1GsNjVvcjawXz3z;7lQ8MOhq6IN2w8EYcFNSUk;1.000
7ycWLEP1GsNjVvcjawXz3z;7w87IxuO7BDcJ3YUqCyMTT;1.000
7ycWLEP1GsNjVvcjawXz3z;3B54sVLJ402zGa6Xm4YGNe;1.000
7ycWLEP1GsNjVvcjawXz3z;3FAJ6O0NOHQV8Mc5Ri6ENp;1.000
7ycWLEP1GsNjVvcjawXz3z;0qOnSQQF0yzuPWsXrQ9paz;1.000
7ycWLEP1GsNjVvcjawXz3z;4LRPiXqCikLlN15c3yImP7;1.000
7ycWLEP1GsNjVvcjawXz3z;2gYj9lubBorOPIVWsTXugG;1.000
7ycWLEP1GsNjVvcjawXz3z;68Dni7IE4VyPkTOH9mRWHr;1.000
7ycWLEP1GsNjVvcjawXz3z;5uCax9HTNlzGybIStD3vDh;1.000
7ycWLEP1GsNjVvcjawXz3z;6xGruZOHLs39ZbVccQTuPZ;1.000
7ycWLEP1GsNjVvcjawXz3z;7KXjTSCq5nL1LoYtL7XAwS;1.000
7ycWLEP1GsNjVvcjawXz3z;7qEHsqek33rTcFNT9PFqLf;1.000
7ycWLEP1GsNjVvcjawXz3z;38T0tPVZHcPZyhtOcCP7pF;1.000
7ycWLEP1GsNjVvcjawXz3z;6i1g5ZRmJZAkDwBaUZ3f2i;1.000
7ycWLEP1GsNjVvcjawXz3z;5ww2BF9slyYgNOk37BlC4u;1.000
7ycWLEP1GsNjVvcjawXz3z;6FE2iI43OZnszFLuLtvvmg;1.000
7ycWLEP1GsNjVvcjawXz3z;5jt25aFjW2kNoBqaEVaz5W;1.000
7ycWLEP1GsNjVvcjawXz3z;6foY66mWZN0pSRjZ408c00;1.000
7ycWLEP1GsNjVvcjawXz3z;3cBsEDNhFI9E82vPj3kvi3;1.000
7ycWLEP1GsNjVvcjawXz3z;5uU1uuyaUIBOiiUSQG7Wl3;1.000
7ycWLEP1GsNjVvcjawXz3z;3Wrjm47oTz2sjIgck11l5e;1.000
7ycWLEP1GsNjVvcjawXz3z;2GThBgzZoZfz0lx1JjBwfe;1.000
7ycWLEP1GsNjVvcjawXz3z;2tGvwE8GcFKwNdAXMnlbfl;1.000
7ycWLEP1GsNjVvcjawXz3z;6HU7h9RYOaPRFeh0R3UeAr;1.000
7ycWLEP1GsNjVvcjawXz3z;4ZtFanR9U6ndgddUvNcjcG;1.000
7ycWLEP1GsNjVvcjawXz3z;5CZ40GBx1sQ9agT82CLQCT;1.000
7ycWLEP1GsNjVvcjawXz3z;5wANPM4fQCJwkGd4rN57mH;1.000
7ycWLEP1GsNjVvcjawXz3z;5O2P9iiztwhomNh8xkR9lJ;1.000
7ycWLEP1GsNjVvcjawXz3z;0kTMK4gNFfLXaTb62w1UaJ;1.000
7ycWLEP1GsNjVvcjawXz3z;5fhcuVxuBWfgNXGuyAtLmr;1.000
7ycWLEP1GsNjVvcjawXz3z;0WtM2NBVQNNJLh6scP13H8;1.000
7ycWLEP1GsNjVvcjawXz3z;4cG7HUWYHBV6R6tHn1gxrl;1.000
7ycWLEP1GsNjVvcjawXz3z;2eAvDnpXP5W0cVtiI0PUxV;1.000
7ycWLEP1GsNjVvcjawXz3z;45bE4HXI0AwGZXfZtMp8JR;1.000
7ycWLEP1GsNjVvcjawXz3z;5HCyWlXZPP0y6Gqq8TgA20;1.000
7ycWLEP1GsNjVvcjawXz3z;2374M0fQpWi3dLnB54qaLX;1.000
7ycWLEP1GsNjVvcjawXz3z;4HlFJV71xXKIGcU3kRyttv;1.000
7ycWLEP1GsNjVvcjawXz3z;1KIJclzEbNhSVw8tiHPWwE;1.000
7ycWLEP1GsNjVvcjawXz3z;2vWBUC9djv6BtiGlmKiQaH;1.000
7ycWLEP1GsNjVvcjawXz3z;4cacyP5c3PMlfnyjpg13xW;1.000
7ycWLEP1GsNjVvcjawXz3z;6GomT970rCOkKAyyrwJeZi;1.000
2vmfvSoZBFAt9hhRoEByLi;7DbdUf8aHSYoliSjO6LZv6;1.000
2vmfvSoZBFAt9hhRoEByLi;1ei3hzQmrgealgRKFxIcWn;1.000
2vmfvSoZBFAt9hhRoEByLi;1xzi1Jcr7mEi9K2RfzLOqS;1.000
2vmfvSoZBFAt9hhRoEByLi;2tTmW7RDtMQtBk7m2rYeSw;1.000
2vmfvSoZBFAt9hhRoEByLi;2GiJYvgVaD2HtM8GqD9EgQ;1.000
2vmfvSoZBFAt9hhRoEByLi;6Z8R6UsFuGXGtiIxiD8ISb;1.000
2vmfvSoZBFAt9hhRoEByLi;5IgjP7X4th6nMNDh4akUHb;1.000
2vmfvSoZBFAt9hhRoEByLi;4xqrdfXkTW4T0RauPLv3WA;1.000
2vmfvSoZBFAt9hhRoEByLi;3F5CgOj3wFlRv51JsHbxhe;1.000
2vmfvSoZBFAt9hhRoEByLi;03a359wbiUsjN9h6yzXvmS;1.000
2vmfvSoZBFAt9hhRoEByLi;58HvfVOeJY7lUuCqF0m3ly;1.000
2vmfvSoZBFAt9hhRoEByLi;7lQ8MOhq6IN2w8EYcFNSUk;1.000
2vmfvSoZBFAt9hhRoEByLi;7w87IxuO7BDcJ3YUqCyMTT;1.000
2vmfvSoZBFAt9hhRoEByLi;3B54sVLJ402zGa6Xm4YGNe;1.000
2vmfvSoZBFAt9hhRoEByLi;3FAJ6O0NOHQV8Mc5Ri6ENp;1.000
2vmfvSoZBFAt9hhRoEByLi;0qOnSQQF0yzuPWsXrQ9paz;1.000
2vmfvSoZBFAt9hhRoEByLi;4LRPiXqCikLlN15c3yImP7;1.000
2vmfvSoZBFAt9hhRoEByLi;2gYj9lubBorOPIVWsTXugG;1.000
2vmfvSoZBFAt9hhRoEByLi;68Dni7IE4VyPkTOH9mRWHr;1.000
2vmfvSoZBFAt9hhRoEByLi;5uCax9HTNlzGybIStD3vDh;1.000
2vmfvSoZBFAt9hhRoEByLi;6xGruZOHLs39ZbVccQTuPZ;1.000
2vmfvSoZBFAt9hhRoEByLi;7KXjTSCq5nL1LoYtL7XAwS;1.000
2vmfvSoZBFAt9hhRoEByLi;7qEHsqek33rTcFNT9PFqLf;1.000
2vmfvSoZBFAt9hhRoEByLi;38T0tPVZHcPZyhtOcCP7pF;1.000
2vmfvSoZBFAt9hhRoEByLi;6i1g5ZRmJZAkDwBaUZ3f2i;1.000
2vmfvSoZBFAt9hhRoEByLi;5ww2BF9slyYgNOk37BlC4u;1.000
2vmfvSoZBFAt9hhRoEByLi;6FE2iI43OZnszFLuLtvvmg;1.000
2vmfvSoZBFAt9hhRoEByLi;5jt25aFjW2kNoBqaEVaz5W;1.000
2vmfvSoZBFAt9hhRoEByLi;6foY66mWZN0pSRjZ408c00;1.000
2vmfvSoZBFAt9hhRoEByLi;3cBsEDNhFI9E82vPj3kvi3;1.000
2vmfvSoZBFAt9hhRoEByLi;5uU1uuyaUIBOiiUSQG7Wl3;1.000
2vmfvSoZBFAt9hhRoEByLi;3Wrjm47oTz2sjIgck11l5e;1.000
2vmfvSoZBFAt9hhRoEByLi;2GThBgzZoZfz0lx1JjBwfe;1.000
2vmfvSoZBFAt9hhRoEByLi;2tGvwE8GcFKwNdAXMnlbfl;1.000
2vmfvSoZBFAt9hhRoEByLi;6HU7h9RYOaPRFeh0R3UeAr;1.000
2vmfvSoZBFAt9hhRoEByLi;4ZtFanR9U6ndgddUvNcjcG;1.000
2vmfvSoZBFAt9hhRoEByLi;5CZ40GBx1sQ9agT82CLQCT;1.000
2vmfvSoZBFAt9hhRoEByLi;5wANPM4fQCJwkGd4rN57mH;1.000
2vmfvSoZBFAt9hhRoEByLi;5O2P9iiztwhomNh8xkR9lJ;1.000
2vmfvSoZBFAt9hhRoEByLi;0kTMK4gNFfLXaTb62w1UaJ;1.000
2vmfvSoZBFAt9hhRoEByLi;5fhcuVxuBWfgNXGuyAtLmr;1.000
2vmfvSoZBFAt9hhRoEByLi;0WtM2NBVQNNJLh6scP13H8;1.000
2vmfvSoZBFAt9hhRoEByLi;4cG7HUWYHBV6R6tHn1gxrl;1.000
2vmfvSoZBFAt9hhRoEByLi;2eAvDnpXP5W0cVtiI0PUxV;1.000
2vmfvSoZBFAt9hhRoEByLi;45bE4HXI0AwGZXfZtMp8JR;1.000
2vmfvSoZBFAt9hhRoEByLi;5HCyWlXZPP0y6Gqq8TgA20;1.000
2vmfvSoZBFAt9hhRoEByLi;2374M0fQpWi3dLnB54qaLX;1.000
2vmfvSoZBFAt9hhRoEByLi;4HlFJV71xXKIGcU3kRyttv;1.000
2vmfvSoZBFAt9hhRoEByLi;1KIJclzEbNhSVw8tiHPWwE;1.000
2vmfvSoZBFAt9hhRoEByLi;2vWBUC9djv6BtiGlmKiQaH;1.000
2vmfvSoZBFAt9hhRoEByLi;4cacyP5c3PMlfnyjpg13xW;1.000
2vmfvSoZBFAt9hhRoEByLi;6GomT970rCOkKAyyrwJeZi;1.000
7DbdUf8aHSYoliSjO6LZv6;1ei3hzQmrgealgRKFxIcWn;1.000
7DbdUf8aHSYoliSjO6LZv6;1xzi1Jcr7mEi9K2RfzLOqS;1.000
7DbdUf8aHSYoliSjO6LZv6;2tTmW7RDtMQtBk7m2rYeSw;1.000
7DbdUf8aHSYoliSjO6LZv6;2GiJYvgVaD2HtM8GqD9EgQ;1.000
7DbdUf8aHSYoliSjO6LZv6;6Z8R6UsFuGXGtiIxiD8ISb;1.000
7DbdUf8aHSYoliSjO6LZv6;5IgjP7X4th6nMNDh4akUHb;1.000
7DbdUf8aHSYoliSjO6LZv6;4xqrdfXkTW4T0RauPLv3WA;1.000
7DbdUf8aHSYoliSjO6LZv6;3F5CgOj3wFlRv51JsHbxhe;1.000
7DbdUf8aHSYoliSjO6LZv6;03a359wbiUsjN9h6yzXvmS;1.000
7DbdUf8aHSYoliSjO6LZv6;58HvfVOeJY7lUuCqF0m3ly;1.000
7DbdUf8aHSYoliSjO6LZv6;7lQ8MOhq6IN2w8EYcFNSUk;1.000
7DbdUf8aHSYoliSjO6LZv6;7w87IxuO7BDcJ3YUqCyMTT;1.000
7DbdUf8aHSYoliSjO6LZv6;3B54sVLJ402zGa6Xm4YGNe;1.000
7DbdUf8aHSYoliSjO6LZv6;3FAJ6O0NOHQV8Mc5Ri6ENp;1.000
7DbdUf8aHSYoliSjO6LZv6;0qOnSQQF0yzuPWsXrQ9paz;1.000
7DbdUf8aHSYoliSjO6LZv6;4LRPiXqCikLlN15c3yImP7;1.000
7DbdUf8aHSYoliSjO6LZv6;2gYj9lubBorOPIVWsTXugG;1.000
7DbdUf8aHSYoliSjO6LZv6;68Dni7IE4VyPkTOH9mRWHr;1.000
7DbdUf8aHSYoliSjO6LZv6;5uCax9HTNlzGybIStD3vDh;1.000
7DbdUf8aHSYoliSjO6LZv6;6xGruZOHLs39ZbVccQTuPZ;1.000
7DbdUf8aHSYoliSjO6LZv6;7KXjTSCq5nL1LoYtL7XAwS;1.000
7DbdUf8aHSYoliSjO6LZv6;7qEHsqek33rTcFNT9PFqLf;1.000
7DbdUf8aHSYoliSjO6LZv6;38T0tPVZHcPZyhtOcCP7pF;1.000
7DbdUf8aHSYoliSjO6LZv6;6i1g5ZRmJZAkDwBaUZ3f2i;1.000
7DbdUf8aHSYoliSjO6LZv6;5ww2BF9slyYgNOk37BlC4u;1.000
7DbdUf8aHSYoliSjO6LZv6;6FE2iI43OZnszFLuLtvvmg;1.000
7DbdUf8aHSYoliSjO6LZv6;5jt25aFjW2kNoBqaEVaz5W;1.000
7DbdUf8aHSYoliSjO6LZv6;6foY66mWZN0pSRjZ408c00;1.000
7DbdUf8aHSYoliSjO6LZv6;3cBsEDNhFI9E82vPj3kvi3;1.000
7DbdUf8aHSYoliSjO6LZv6;5uU1uuyaUIBOiiUSQG7Wl3;1.000
7DbdUf8aHSYoliSjO6LZv6;3Wrjm47oTz2sjIgck11l5e;1.000
7DbdUf8aHSYoliSjO6LZv6;2GThBgzZoZfz0lx1JjBwfe;1.000
7DbdUf8aHSYoliSjO6LZv6;2tGvwE8GcFKwNdAXMnlbfl;1.000
7DbdUf8aHSYoliSjO6LZv6;6HU7h9RYOaPRFeh0R3UeAr;1.000
7DbdUf8aHSYoliSjO6LZv6;4ZtFanR9U6ndgddUvNcjcG;1.000
7DbdUf8aHSYoliSjO6LZv6;5CZ40GBx1sQ9agT82CLQCT;1.000
7DbdUf8aHSYoliSjO6LZv6;5wANPM4fQCJwkGd4rN57mH;1.000
7DbdUf8aHSYoliSjO6LZv6;5O2P9iiztwhomNh8xkR9lJ;1.000
7DbdUf8aHSYoliSjO6LZv6;0kTMK4gNFfLXaTb62w1UaJ;1.000
7DbdUf8aHSYoliSjO6LZv6;5fhcuVxuBWfgNXGuyAtLmr;1.000
7DbdUf8aHSYoliSjO6LZv6;0WtM2NBVQNNJLh6scP13H8;1.000
7DbdUf8aHSYoliSjO6LZv6;4cG7HUWYHBV6R6tHn1gxrl;1.000
7DbdUf8aHSYoliSjO6LZv6;2eAvDnpXP5W0cVtiI0PUxV;1.000
7DbdUf8aHSYoliSjO6LZv6;45bE4HXI0AwGZXfZtMp8JR;1.000
7DbdUf8aHSYoliSjO6LZv6;5HCyWlXZPP0y6Gqq8TgA20;1.000
7DbdUf8aHSYoliSjO6LZv6;2374M0fQpWi3dLnB54qaLX;1.000
7DbdUf8aHSYoliSjO6LZv6;4HlFJV71xXKIGcU3kRyttv;1.000
7DbdUf8aHSYoliSjO6LZv6;1KIJclzEbNhSVw8tiHPWwE;1.000
7DbdUf8aHSYoliSjO6LZv6;2vWBUC9djv6BtiGlmKiQaH;1.000
7DbdUf8aHSYoliSjO6LZv6;4cacyP5c3PMlfnyjpg13xW;1.000
7DbdUf8aHSYoliSjO6LZv6;6GomT970rCOkKAyyrwJeZi;1.000
1ei3hzQmrgealgRKFxIcWn;1xzi1Jcr7mEi9K2RfzLOqS;1.000
1ei3hzQmrgealgRKFxIcWn;2tTmW7RDtMQtBk7m2rYeSw;1.000
1ei3hzQmrgealgRKFxIcWn;2GiJYvgVaD2HtM8GqD9EgQ;1.000
1ei3hzQmrgealgRKFxIcWn;6Z8R6UsFuGXGtiIxiD8ISb;1.000
1ei3hzQmrgealgRKFxIcWn;5IgjP7X4th6nMNDh4akUHb;1.000
1ei3hzQmrgealgRKFxIcWn;4xqrdfXkTW4T0RauPLv3WA;1.000
1ei3hzQmrgealgRKFxIcWn;3F5CgOj3wFlRv51JsHbxhe;1.000
1ei3hzQmrgealgRKFxIcWn;03a359wbiUsjN9h6yzXvmS;1.000
1ei3hzQmrgealgRKFxIcWn;58HvfVOeJY7lUuCqF0m3ly;1.000
1ei3hzQmrgealgRKFxIcWn;7lQ8MOhq6IN2w8EYcFNSUk;1.000
1ei3hzQmrgealgRKFxIcWn;7w87IxuO7BDcJ3YUqCyMTT;1.000
1ei3hzQmrgealgRKFxIcWn;3B54sVLJ402zGa6Xm4YGNe;1.000
1ei3hzQmrgealgRKFxIcWn;3FAJ6O0NOHQV8Mc5Ri6ENp;1.000
1ei3hzQmrgealgRKFxIcWn;0qOnSQQF0yzuPWsXrQ9paz;1.000
1ei3hzQmrgealgRKFxIcWn;4LRPiXqCikLlN15c3yImP7;1.000
1ei3hzQmrgealgRKFxIcWn;2gYj9lubBorOPIVWsTXugG;1.000
1ei3hzQmrgealgRKFxIcWn;68Dni7IE4VyPkTOH9mRWHr;1.000
1ei3hzQmrgealgRKFxIcWn;5uCax9HTNlzGybIStD3vDh;1.000
1ei3hzQmrgealgRKFxIcWn;6xGruZOHLs39ZbVccQTuPZ;1.000
1ei3hzQmrgealgRKFxIcWn;7KXjTSCq5nL1LoYtL7XAwS;1.000
1ei3hzQmrgealgRKFxIcWn;7qEHsqek33rTcFNT9PFqLf;1.000
1ei3hzQmrgealgRKFxIcWn;38T0tPVZHcPZyhtOcCP7pF;1.000
1ei3hzQmrgealgRKFxIcWn;6i1g5ZRmJZAkDwBaUZ3f2i;1.000
1ei3hzQmrgealgRKFxIcWn;5ww2BF9slyYgNOk37BlC4u;1.000
1ei3hzQmrgealgRKFxIcWn;6FE2iI43OZnszFLuLtvvmg;1.000
1ei3hzQmrgealgRKFxIcWn;5jt25aFjW2kNoBqaEVaz5W;1.000
1ei3hzQmrgealgRKFxIcWn;6foY66mWZN0pSRjZ408c00;1.000
1ei3hzQmrgealgRKFxIcWn;3cBsEDNhFI9E82vPj3kvi3;1.000
1ei3hzQmrgealgRKFxIcWn;5uU1uuyaUIBOiiUSQG7Wl3;1.000
1ei3hzQmrgealgRKFxIcWn;3Wrjm47oTz2sjIgck11l5e;1.000
1ei3hzQmrgealgRKFxIcWn;2GThBgzZoZfz0lx1JjBwfe;1.000
1ei3hzQmrgealgRKFxIcWn;2tGvwE8GcFKwNdAXMnlbfl;1.000
1ei3hzQmrgealgRKFxIcWn;6HU7h9RYOaPRFeh0R3UeAr;1.000
1ei3hzQmrgealgRKFxIcWn;4ZtFanR9U6ndgddUvNcjcG;1.000
1ei3hzQmrgealgRKFxIcWn;5CZ40GBx1sQ9agT82CLQCT;1.000
1ei3hzQmrgealgRKFxIcWn;5wANPM4fQCJwkGd4rN57mH;1.000
1ei3hzQmrgealgRKFxIcWn;5O2P9iiztwhomNh8xkR9lJ;1.000
1ei3hzQmrgealgRKFxIcWn;0kTMK4gNFfLXaTb62w1UaJ;1.000
1ei3hzQmrgealgRKFxIcWn;5fhcuVxuBWfgNXGuyAtLmr;1.000
1ei3hzQmrgealgRKFxIcWn;0WtM2NBVQNNJLh6scP13H8;1.000
1ei3hzQmrgealgRKFxIcWn;4cG7HUWYHBV6R6tHn1gxrl;1.000
1ei3hzQmrgealgRKFxIcWn;2eAvDnpXP5W0cVtiI0PUxV;1.000
1ei3hzQmrgealgRKFxIcWn;45bE4HXI0AwGZXfZtMp8JR;1.000
1ei3hzQmrgealgRKFxIcWn;5HCyWlXZPP0y6Gqq8TgA20;1.000
1ei3hzQmrgealgRKFxIcWn;2374M0fQpWi3dLnB54qaLX;1.000
1ei3hzQmrgealgRKFxIcWn;4HlFJV71xXKIGcU3kRyttv;1.000
1ei3hzQmrgealgRKFxIcWn;1KIJclzEbNhSVw8tiHPWwE;1.000
1ei3hzQmrgealgRKFxIcWn;2vWBUC9djv6BtiGlmKiQaH;1.000
1ei3hzQmrgealgRKFxIcWn;4cacyP5c3PMlfnyjpg13xW;1.000
1ei3hzQmrgealgRKFxIcWn;6GomT970rCOkKAyyrwJeZi;1.000
1xzi1Jcr7mEi9K2RfzLOqS;2tTmW7RDtMQtBk7m2rYeSw;1.000
1xzi1Jcr7mEi9K2RfzLOqS;2GiJYvgVaD2HtM8GqD9EgQ;1.000
1xzi1Jcr7mEi9K2RfzLOqS;6Z8R6UsFuGXGtiIxiD8ISb;1.000
1xzi1Jcr7mEi9K2RfzLOqS;5IgjP7X4th6nMNDh4akUHb;1.000
1xzi1Jcr7mEi9K2RfzLOqS;4xqrdfXkTW4T0RauPLv3WA;1.000
1xzi1Jcr7mEi9K2RfzLOqS;3F5CgOj3wFlRv51JsHbxhe;1.000
1xzi1Jcr7mEi9K2RfzLOqS;03a359wbiUsjN9h6yzXvmS;1.000
1xzi1Jcr7mEi9K2RfzLOqS;58HvfVOeJY7lUuCqF0m3ly;1.000
1xzi1Jcr7mEi9K2RfzLOqS;7lQ8MOhq6IN2w8EYcFNSUk;1.000
1xzi1Jcr7mEi9K2RfzLOqS;7w87IxuO7BDcJ3YUqCyMTT;1.000
1xzi1Jcr7mEi9K2RfzLOqS;3B54sVLJ402zGa6Xm4YGNe;1.000
1xzi1Jcr7mEi9K2RfzLOqS;3FAJ6O0NOHQV8Mc5Ri6ENp;1.000
1xzi1Jcr7mEi9K2RfzLOqS;0qOnSQQF0yzuPWsXrQ9paz;1.000
1xzi1Jcr7mEi9K2RfzLOqS;4LRPiXqCikLlN15c3yImP7;1.000
1xzi1Jcr7mEi9K2RfzLOqS;2gYj9lubBorOPIVWsTXugG;1.000
1xzi1Jcr7mEi9K2RfzLOqS;68Dni7IE4VyPkTOH9mRWHr;1.000
1xzi1Jcr7mEi9K2RfzLOqS;5uCax9HTNlzGybIStD3vDh;1.000
1xzi1Jcr7mEi9K2RfzLOqS;6xGruZOHLs39ZbVccQTuPZ;1.000
1xzi1Jcr7mEi9K2RfzLOqS;7KXjTSCq5nL1LoYtL7XAwS;1.000
1xzi1Jcr7mEi9K2RfzLOqS;7qEHsqek33rTcFNT9PFqLf;1.000
1xzi1Jcr7mEi9K2RfzLOqS;38T0tPVZHcPZyhtOcCP7pF;1.000
1xzi1Jcr7mEi9K2RfzLOqS;6i1g5ZRmJZAkDwBaUZ3f2i;1.000
1xzi1Jcr7mEi9K2RfzLOqS;5ww2BF9slyYgNOk37BlC4u;1.000
1xzi1Jcr7mEi9K2RfzLOqS;6FE2iI43OZnszFLuLtvvmg;1.000
1xzi1Jcr7mEi9K2RfzLOqS;5jt25aFjW2kNoBqaEVaz5W;1.000
1xzi1Jcr7mEi9K2RfzLOqS;6foY66mWZN0pSRjZ408c00;1.000
1xzi1Jcr7mEi9K2RfzLOqS;3cBsEDNhFI9E82vPj3kvi3;1.000
1xzi1Jcr7mEi9K2RfzLOqS;5uU1uuyaUIBOiiUSQG7Wl3;1.000
1xzi1Jcr7mEi9K2RfzLOqS;3Wrjm47oTz2sjIgck11l5e;1.000
1xzi1Jcr7mEi9K2RfzLOqS;2GThBgzZoZfz0lx1JjBwfe;1.000
1xzi1Jcr7mEi9K2RfzLOqS;2tGvwE8GcFKwNdAXMnlbfl;1.000
1xzi1Jcr7mEi9K2RfzLOqS;6HU7h9RYOaPRFeh0R3UeAr;1.000
1xzi1Jcr7mEi9K2RfzLOqS;4ZtFanR9U6ndgddUvNcjcG;1.000
1xzi1Jcr7mEi9K2RfzLOqS;5CZ40GBx1sQ9agT82CLQCT;1.000
1xzi1Jcr7mEi9K2RfzLOqS;5wANPM4fQCJwkGd4rN57mH;1.000
1xzi1Jcr7mEi9K2RfzLOqS;5O2P9iiztwhomNh8xkR9lJ;1.000
1xzi1Jcr7mEi9K2RfzLOqS;0kTMK4gNFfLXaTb62w1UaJ;1.000
1xzi1Jcr7mEi9K2RfzLOqS;5fhcuVxuBWfgNXGuyAtLmr;1.000
1xzi1Jcr7mEi9K2RfzLOqS;0WtM2NBVQNNJLh6scP13H8;1.000
1xzi1Jcr7mEi9K2RfzLOqS;4cG7HUWYHBV6R6tHn1gxrl;1.000
1xzi1Jcr7mEi9K2RfzLOqS;2eAvDnpXP5W0cVtiI0PUxV;1.000
1xzi1Jcr7mEi9K2RfzLOqS;45bE4HXI0AwGZXfZtMp8JR;1.000
1xzi1Jcr7mEi9K2RfzLOqS;5HCyWlXZPP0y6Gqq8TgA20;1.000
1xzi1Jcr7mEi9K2RfzLOqS;2374M0fQpWi3dLnB54qaLX;1.000
1xzi1Jcr7mEi9K2RfzLOqS;4HlFJV71xXKIGcU3kRyttv;1.000
1xzi1Jcr7mEi9K2RfzLOqS;1KIJclzEbNhSVw8tiHPWwE;1.000
1xzi1Jcr7mEi9K2RfzLOqS;2vWBUC9djv6BtiGlmKiQaH;1.000
1xzi1Jcr7mEi9K2RfzLOqS;4cacyP5c3PMlfnyjpg13xW;1.000
1xzi1Jcr7mEi9K2RfzLOqS;6GomT970rCOkKAyyrwJeZi;1.000
2tTmW7RDtMQtBk7m2rYeSw;2GiJYvgVaD2HtM8GqD9EgQ;1.000
2tTmW7RDtMQtBk7m2rYeSw;6Z8R6UsFuGXGtiIxiD8ISb;1.000
2tTmW7RDtMQtBk7m2rYeSw;5IgjP7X4th6nMNDh4akUHb;1.000
2tTmW7RDtMQtBk7m2rYeSw;4xqrdfXkTW4T0RauPLv3WA;1.000
2tTmW7RDtMQtBk7m2rYeSw;3F5CgOj3wFlRv51JsHbxhe;1.000
2tTmW7RDtMQtBk7m2rYeSw;03a359wbiUsjN9h6yzXvmS;1.000
2tTmW7RDtMQtBk7m2rYeSw;58HvfVOeJY7lUuCqF0m3ly;1.000
2tTmW7RDtMQtBk7m2rYeSw;7lQ8MOhq6IN2w8EYcFNSUk;1.000
2tTmW7RDtMQtBk7m2rYeSw;7w87IxuO7BDcJ3YUqCyMTT;1.000
2tTmW7RDtMQtBk7m2rYeSw;3B54sVLJ402zGa6Xm4YGNe;1.000
2tTmW7RDtMQtBk7m2rYeSw;3FAJ6O0NOHQV8Mc5Ri6ENp;1.000
2tTmW7RDtMQtBk7m2rYeSw;0qOnSQQF0yzuPWsXrQ9paz;1.000
2tTmW7RDtMQtBk7m2rYeSw;4LRPiXqCikLlN15c3yImP7;1.000
2tTmW7RDtMQtBk7m2rYeSw;2gYj9lubBorOPIVWsTXugG;1.000
2tTmW7RDtMQtBk7m2rYeSw;68Dni7IE4VyPkTOH9mRWHr;1.000
2tTmW7RDtMQtBk7m2rYeSw;5uCax9HTNlzGybIStD3vDh;1.000
2tTmW7RDtMQtBk7m2rYeSw;6xGruZOHLs39ZbVccQTuPZ;1.000
2tTmW7RDtMQtBk7m2rYeSw;7KXjTSCq5nL1LoYtL7XAwS;1.000
2tTmW7RDtMQtBk7m2rYeSw;7qEHsqek33rTcFNT9PFqLf;1.000
2tTmW7RDtMQtBk7m2rYeSw;38T0tPVZHcPZyhtOcCP7pF;1.000
2tTmW7RDtMQtBk7m2rYeSw;6i1g5ZRmJZAkDwBaUZ3f2i;1.000
2tTmW7RDtMQtBk7m2rYeSw;5ww2BF9slyYgNOk37BlC4u;1.000
2tTmW7RDtMQtBk7m2rYeSw;6FE2iI43OZnszFLuLtvvmg;1.000
2tTmW7RDtMQtBk7m2rYeSw;5jt25aFjW2kNoBqaEVaz5W;1.000
2tTmW7RDtMQtBk7m2rYeSw;6foY66mWZN0pSRjZ408c00;1.000
2tTmW7RDtMQtBk7m2rYeSw;3cBsEDNhFI9E82vPj3kvi3;1.000
2tTmW7RDtMQtBk7m2rYeSw;5uU1uuyaUIBOiiUSQG7Wl3;1.000
2tTmW7RDtMQtBk7m2rYeSw;3Wrjm47oTz2sjIgck11l5e;1.000
2tTmW7RDtMQtBk7m2rYeSw;2GThBgzZoZfz0lx1JjBwfe;1.000
2tTmW7RDtMQtBk7m2rYeSw;2tGvwE8GcFKwNdAXMnlbfl;1.000
2tTmW7RDtMQtBk7m2rYeSw;6HU7h9RYOaPRFeh0R3UeAr;1.000
2tTmW7RDtMQtBk7m2rYeSw;4ZtFanR9U6ndgddUvNcjcG;1.000
2tTmW7RDtMQtBk7m2rYeSw;5CZ40GBx1sQ9agT82CLQCT;1.000
2tTmW7RDtMQtBk7m2rYeSw;5wANPM4fQCJwkGd4rN57mH;1.000
2tTmW7RDtMQtBk7m2rYeSw;5O2P9iiztwhomNh8xkR9lJ;1.000
2tTmW7RDtMQtBk7m2rYeSw;0kTMK4gNFfLXaTb62w1UaJ;1.000
2tTmW7RDtMQtBk7m2rYeSw;5fhcuVxuBWfgNXGuyAtLmr;1.000
2tTmW7RDtMQtBk7m2rYeSw;0WtM2NBVQNNJLh6scP13H8;1.000
2tTmW7RDtMQtBk7m2rYeSw;4cG7HUWYHBV6R6tHn1gxrl;1.000
2tTmW7RDtMQtBk7m2rYeSw;2eAvDnpXP5W0cVtiI0PUxV;1.000
2tTmW7RDtMQtBk7m2rYeSw;45bE4HXI0AwGZXfZtMp8JR;1.000
2tTmW7RDtMQtBk7m2rYeSw;5HCyWlXZPP0y6Gqq8TgA20;1.000
2tTmW7RDtMQtBk7m2rYeSw;2374M0fQpWi3dLnB54qaLX;1.000
2tTmW7RDtMQtBk7m2rYeSw;4HlFJV71xXKIGcU3kRyttv;1.000
2tTmW7RDtMQtBk7m2rYeSw;1KIJclzEbNhSVw8tiHPWwE;1.000
2tTmW7RDtMQtBk7m2rYeSw;2vWBUC9djv6BtiGlmKiQaH;1.000
2tTmW7RDtMQtBk7m2rYeSw;4cacyP5c3PMlfnyjpg13xW;1.000
2tTmW7RDtMQtBk7m2rYeSw;6GomT970rCOkKAyyrwJeZi;1.000
2GiJYvgVaD2HtM8GqD9EgQ;6Z8R6UsFuGXGtiIxiD8ISb;1.000
2GiJYvgVaD2HtM8GqD9EgQ;5IgjP7X4th6nMNDh4akUHb;1.000
2GiJYvgVaD2HtM8GqD9EgQ;4xqrdfXkTW4T0RauPLv3WA;1.000
2GiJYvgVaD2HtM8GqD9EgQ;3F5CgOj3wFlRv51JsHbxhe;1.000
2GiJYvgVaD2HtM8GqD9EgQ;03a359wbiUsjN9h6yzXvmS;1.000
2GiJYvgVaD2HtM8GqD9EgQ;58HvfVOeJY7lUuCqF0m3ly;1.000
2GiJYvgVaD2HtM8GqD9EgQ;7lQ8MOhq6IN2w8EYcFNSUk;1.000
2GiJYvgVaD2HtM8GqD9EgQ;7w87IxuO7BDcJ3YUqCyMTT;1.000
2GiJYvgVaD2HtM8GqD9EgQ;3B54sVLJ402zGa6Xm4YGNe;1.000
2GiJYvgVaD2HtM8GqD9EgQ;3FAJ6O0NOHQV8Mc5Ri6ENp;1.000
2GiJYvgVaD2HtM8GqD9EgQ;0qOnSQQF0yzuPWsXrQ9paz;1.000
2GiJYvgVaD2HtM8GqD9EgQ;4LRPiXqCikLlN15c3yImP7;1.000
2GiJYvgVaD2HtM8GqD9EgQ;2gYj9lubBorOPIVWsTXugG;1.000
2GiJYvgVaD2HtM8GqD9EgQ;68Dni7IE4VyPkTOH9mRWHr;1.000
2GiJYvgVaD2HtM8GqD9EgQ;5uCax9HTNlzGybIStD3vDh;1.000
2GiJYvgVaD2HtM8GqD9EgQ;6xGruZOHLs39ZbVccQTuPZ;1.000
2GiJYvgVaD2HtM8GqD9EgQ;7KXjTSCq5nL1LoYtL7XAwS;1.000
2GiJYvgVaD2HtM8GqD9EgQ;7qEHsqek33rTcFNT9PFqLf;1.000
2GiJYvgVaD2HtM8GqD9EgQ;38T0tPVZHcPZyhtOcCP7pF;1.000
2GiJYvgVaD2HtM8GqD9EgQ;6i1g5ZRmJZAkDwBaUZ3f2i;1.000
2GiJYvgVaD2HtM8GqD9EgQ;5ww2BF9slyYgNOk37BlC4u;1.000
2GiJYvgVaD2HtM8GqD9EgQ;6FE2iI43OZnszFLuLtvvmg;1.000
2GiJYvgVaD2HtM8GqD9EgQ;5jt25aFjW2kNoBqaEVaz5W;1.000
2GiJYvgVaD2HtM8GqD9EgQ;6foY66mWZN0pSRjZ408c00;1.000
2GiJYvgVaD2HtM8GqD9EgQ;3cBsEDNhFI9E82vPj3kvi3;1.000
2GiJYvgVaD2HtM8GqD9EgQ;5uU1uuyaUIBOiiUSQG7Wl3;1.000
2GiJYvgVaD2HtM8GqD9EgQ;3Wrjm47oTz2sjIgck11l5e;1.000
2GiJYvgVaD2HtM8GqD9EgQ;2GThBgzZoZfz0lx1JjBwfe;1.000
2GiJYvgVaD2HtM8GqD9EgQ;2tGvwE8GcFKwNdAXMnlbfl;1.000
2GiJYvgVaD2HtM8GqD9EgQ;6HU7h9RYOaPRFeh0R3UeAr;1.000
2GiJYvgVaD2HtM8GqD9EgQ;4ZtFanR9U6ndgddUvNcjcG;1.000
2GiJYvgVaD2HtM8GqD9EgQ;5CZ40GBx1sQ9agT82CLQCT;1.000
2GiJYvgVaD2HtM8GqD9EgQ;5wANPM4fQCJwkGd4rN57mH;1.000
2GiJYvgVaD2HtM8GqD9EgQ;5O2P9iiztwhomNh8xkR9lJ;1.000
2GiJYvgVaD2HtM8GqD9EgQ;0kTMK4gNFfLXaTb62w1UaJ;1.000
2GiJYvgVaD2HtM8GqD9EgQ;5fhcuVxuBWfgNXGuyAtLmr;1.000
2GiJYvgVaD2HtM8GqD9EgQ;0WtM2NBVQNNJLh6scP13H8;1.000
2GiJYvgVaD2HtM8GqD9EgQ;4cG7HUWYHBV6R6tHn1gxrl;1.000
2GiJYvgVaD2HtM8GqD9EgQ;2eAvDnpXP5W0cVtiI0PUxV;1.000
2GiJYvgVaD2HtM8GqD9EgQ;45bE4HXI0AwGZXfZtMp8JR;1.000
2GiJYvgVaD2HtM8GqD9EgQ;5HCyWlXZPP0y6Gqq8TgA20;1.000
2GiJYvgVaD2HtM8GqD9EgQ;2374M0fQpWi3dLnB54qaLX;1.000
2GiJYvgVaD2HtM8GqD9EgQ;4HlFJV71xXKIGcU3kRyttv;1.000
2GiJYvgVaD2HtM8GqD9EgQ;1KIJclzEbNhSVw8tiHPWwE;1.000
2GiJYvgVaD2HtM8GqD9EgQ;2vWBUC9djv6BtiGlmKiQaH;1.000
2GiJYvgVaD2HtM8GqD9EgQ;4cacyP5c3PMlfnyjpg13xW;1.000
2GiJYvgVaD2HtM8GqD9EgQ;6GomT970rCOkKAyyrwJeZi;1.000
6Z8R6UsFuGXGtiIxiD8ISb;5IgjP7X4th6nMNDh4akUHb;1.000
6Z8R6UsFuGXGtiIxiD8ISb;4xqrdfXkTW4T0RauPLv3WA;1.000
6Z8R6UsFuGXGtiIxiD8ISb;3F5CgOj3wFlRv51JsHbxhe;1.000
6Z8R6UsFuGXGtiIxiD8ISb;03a359wbiUsjN9h6yzXvmS;1.000
6Z8R6UsFuGXGtiIxiD8ISb;58HvfVOeJY7lUuCqF0m3ly;1.000
6Z8R6UsFuGXGtiIxiD8ISb;7lQ8MOhq6IN2w8EYcFNSUk;1.000
6Z8R6UsFuGXGtiIxiD8ISb;7w87IxuO7BDcJ3YUqCyMTT;1.000
6Z8R6UsFuGXGtiIxiD8ISb;3B54sVLJ402zGa6Xm4YGNe;1.000
6Z8R6UsFuGXGtiIxiD8ISb;3FAJ6O0NOHQV8Mc5Ri6ENp;1.000
6Z8R6UsFuGXGtiIxiD8ISb;0qOnSQQF0yzuPWsXrQ9paz;1.000
6Z8R6UsFuGXGtiIxiD8ISb;4LRPiXqCikLlN15c3yImP7;1.000
6Z8R6UsFuGXGtiIxiD8ISb;2gYj9lubBorOPIVWsTXugG;1.000
6Z8R6UsFuGXGtiIxiD8ISb;68Dni7IE4VyPkTOH9mRWHr;1.000
6Z8R6UsFuGXGtiIxiD8ISb;5uCax9HTNlzGybIStD3vDh;1.000
6Z8R6UsFuGXGtiIxiD8ISb;6xGruZOHLs39ZbVccQTuPZ;1.000
6Z8R6UsFuGXGtiIxiD8ISb;7KXjTSCq5nL1LoYtL7XAwS;1.000
6Z8R6UsFuGXGtiIxiD8ISb;7qEHsqek33rTcFNT9PFqLf;1.000
6Z8R6UsFuGXGtiIxiD8ISb;38T0tPVZHcPZyhtOcCP7pF;1.000
6Z8R6UsFuGXGtiIxiD8ISb;6i1g5ZRmJZAkDwBaUZ3f2i;1.000
6Z8R6UsFuGXGtiIxiD8ISb;5ww2BF9slyYgNOk37BlC4u;1.000
6Z8R6UsFuGXGtiIxiD8ISb;6FE2iI43OZnszFLuLtvvmg;1.000
6Z8R6UsFuGXGtiIxiD8ISb;5jt25aFjW2kNoBqaEVaz5W;1.000
6Z8R6UsFuGXGtiIxiD8ISb;6foY66mWZN0pSRjZ408c00;1.000
6Z8R6UsFuGXGtiIxiD8ISb;3cBsEDNhFI9E82vPj3kvi3;1.000
6Z8R6UsFuGXGtiIxiD8ISb;5uU1uuyaUIBOiiUSQG7Wl3;1.000
6Z8R6UsFuGXGtiIxiD8ISb;3Wrjm47oTz2sjIgck11l5e;1.000
6Z8R6UsFuGXGtiIxiD8ISb;2GThBgzZoZfz0lx1JjBwfe;1.000
6Z8R6UsFuGXGtiIxiD8ISb;2tGvwE8GcFKwNdAXMnlbfl;1.000
6Z8R6UsFuGXGtiIxiD8ISb;6HU7h9RYOaPRFeh0R3UeAr;1.000
6Z8R6UsFuGXGtiIxiD8ISb;4ZtFanR9U6ndgddUvNcjcG;1.000
6Z8R6UsFuGXGtiIxiD8ISb;5CZ40GBx1sQ9agT82CLQCT;1.000
6Z8R6UsFuGXGtiIxiD8ISb;5wANPM4fQCJwkGd4rN57mH;1.000
6Z8R6UsFuGXGtiIxiD8ISb;5O2P9iiztwhomNh8xkR9lJ;1.000
6Z8R6UsFuGXGtiIxiD8ISb;0kTMK4gNFfLXaTb62w1UaJ;1.000
6Z8R6UsFuGXGtiIxiD8ISb;5fhcuVxuBWfgNXGuyAtLmr;1.000
6Z8R6UsFuGXGtiIxiD8ISb;0WtM2NBVQNNJLh6scP13H8;1.000
6Z8R6UsFuGXGtiIxiD8ISb;4cG7HUWYHBV6R6tHn1gxrl;1.000
6Z8R6UsFuGXGtiIxiD8ISb;2eAvDnpXP5W0cVtiI0PUxV;1.000
6Z8R6UsFuGXGtiIxiD8ISb;45bE4HXI0AwGZXfZtMp8JR;1.000
6Z8R6UsFuGXGtiIxiD8ISb;5HCyWlXZPP0y6Gqq8TgA20;1.000
6Z8R6UsFuGXGtiIxiD8ISb;2374M0fQpWi3dLnB54qaLX;1.000
6Z8R6UsFuGXGtiIxiD8ISb;4HlFJV71xXKIGcU3kRyttv;1.000
6Z8R6UsFuGXGtiIxiD8ISb;1KIJclzEbNhSVw8tiHPWwE;1.000
6Z8R6UsFuGXGtiIxiD8ISb;2vWBUC9djv6BtiGlmKiQaH;1.000
6Z8R6UsFuGXGtiIxiD8ISb;4cacyP5c3PMlfnyjpg13xW;1.000
6Z8R6UsFuGXGtiIxiD8ISb;6GomT970rCOkKAyyrwJeZi;1.000
5IgjP7X4th6nMNDh4akUHb;4xqrdfXkTW4T0RauPLv3WA;1.000
5IgjP7X4th6nMNDh4akUHb;3F5CgOj3wFlRv51JsHbxhe;1.000
5IgjP7X4th6nMNDh4akUHb;03a359wbiUsjN9h6yzXvmS;1.000
5IgjP7X4th6nMNDh4akUHb;58HvfVOeJY7lUuCqF0m3ly;1.000
5IgjP7X4th6nMNDh4akUHb;7lQ8MOhq6IN2w8EYcFNSUk;1.000
5IgjP7X4th6nMNDh4akUHb;7w87IxuO7BDcJ3YUqCyMTT;1.000
5IgjP7X4th6nMNDh4akUHb;3B54sVLJ402zGa6Xm4YGNe;1.000
5IgjP7X4th6nMNDh4akUHb;3FAJ6O0NOHQV8Mc5Ri6ENp;1.000
5IgjP7X4th6nMNDh4akUHb;0qOnSQQF0yzuPWsXrQ9paz;1.000
5IgjP7X4th6nMNDh4akUHb;4LRPiXqCikLlN15c3yImP7;1.000
5IgjP7X4th6nMNDh4akUHb;2gYj9lubBorOPIVWsTXugG;1.000
5IgjP7X4th6nMNDh4akUHb;68Dni7IE4VyPkTOH9mRWHr;1.000
5IgjP7X4th6nMNDh4akUHb;5uCax9HTNlzGybIStD3vDh;1.000
5IgjP7X4th6nMNDh4akUHb;6xGruZOHLs39ZbVccQTuPZ;1.000
5IgjP7X4th6nMNDh4akUHb;7KXjTSCq5nL1LoYtL7XAwS;1.000
5IgjP7X4th6nMNDh4akUHb;7qEHsqek33rTcFNT9PFqLf;1.000
5IgjP7X4th6nMNDh4akUHb;38T0tPVZHcPZyhtOcCP7pF;1.000
5IgjP7X4th6nMNDh4akUHb;6i1g5ZRmJZAkDwBaUZ3f2i;1.000
5IgjP7X4th6nMNDh4akUHb;5ww2BF9slyYgNOk37BlC4u;1.000
5IgjP7X4th6nMNDh4akUHb;6FE2iI43OZnszFLuLtvvmg;1.000
5IgjP7X4th6nMNDh4akUHb;5jt25aFjW2kNoBqaEVaz5W;1.000
5IgjP7X4th6nMNDh4akUHb;6foY66mWZN0pSRjZ408c00;1.000
5IgjP7X4th6nMNDh4akUHb;3cBsEDNhFI9E82vPj3kvi3;1.000
5IgjP7X4th6nMNDh4akUHb;5uU1uuyaUIBOiiUSQG7Wl3;1.000
5IgjP7X4th6nMNDh4akUHb;3Wrjm47oTz2sjIgck11l5e;1.000
5IgjP7X4th6nMNDh4akUHb;2GThBgzZoZfz0lx1JjBwfe;1.000
5IgjP7X4th6nMNDh4akUHb;2tGvwE8GcFKwNdAXMnlbfl;1.000
5IgjP7X4th6nMNDh4akUHb;6HU7h9RYOaPRFeh0R3UeAr;1.000
5IgjP7X4th6nMNDh4akUHb;4ZtFanR9U6ndgddUvNcjcG;1.000
5IgjP7X4th6nMNDh4akUHb;5CZ40GBx1sQ9agT82CLQCT;1.000
5IgjP7X4th6nMNDh4akUHb;5wANPM4fQCJwkGd4rN57mH;1.000
5IgjP7X4th6nMNDh4akUHb;5O2P9iiztwhomNh8xkR9lJ;1.000
5IgjP7X4th6nMNDh4akUHb;0kTMK4gNFfLXaTb62w1UaJ;1.000
5IgjP7X4th6nMNDh4akUHb;5fhcuVxuBWfgNXGuyAtLmr;1.000
5IgjP7X4th6nMNDh4akUHb;0WtM2NBVQNNJLh6scP13H8;1.000
5IgjP7X4th6nMNDh4akUHb;4cG7HUWYHBV6R6tHn1gxrl;1.000
5IgjP7X4th6nMNDh4akUHb;2eAvDnpXP5W0cVtiI0PUxV;1.000
5IgjP7X4th6nMNDh4akUHb;45bE4HXI0AwGZXfZtMp8JR;1.000
5IgjP7X4th6nMNDh4akUHb;5HCyWlXZPP0y6Gqq8TgA20;1.000
5IgjP7X4th6nMNDh4akUHb;2374M0fQpWi3dLnB54qaLX;1.000
5IgjP7X4th6nMNDh4akUHb;4HlFJV71xXKIGcU3kRyttv;1.000
5IgjP7X4th6nMNDh4akUHb;1KIJclzEbNhSVw8tiHPWwE;1.000
5IgjP7X4th6nMNDh4akUHb;2vWBUC9djv6BtiGlmKiQaH;1.000
5IgjP7X4th6nMNDh4akUHb;4cacyP5c3PMlfnyjpg13xW;1.000
5IgjP7X4th6nMNDh4akUHb;6GomT970rCOkKAyyrwJeZi;1.000
4xqrdfXkTW4T0RauPLv3WA;3F5CgOj3wFlRv51JsHbxhe;1.000
4xqrdfXkTW4T0RauPLv3WA;03a359wbiUsjN9h6yzXvmS;1.000
4xqrdfXkTW4T0RauPLv3WA;58HvfVOeJY7lUuCqF0m3ly;1.000
4xqrdfXkTW4T0RauPLv3WA;7lQ8MOhq6IN2w8EYcFNSUk;1.000
4xqrdfXkTW4T0RauPLv3WA;7w87IxuO7BDcJ3YUqCyMTT;1.000
4xqrdfXkTW4T0RauPLv3WA;3B54sVLJ402zGa6Xm4YGNe;1.000
4xqrdfXkTW4T0RauPLv3WA;3FAJ6O0NOHQV8Mc5Ri6ENp;1.000
4xqrdfXkTW4T0RauPLv3WA;0qOnSQQF0yzuPWsXrQ9paz;1.000
4xqrdfXkTW4T0RauPLv3WA;4LRPiXqCikLlN15c3yImP7;1.000
4xqrdfXkTW4T0RauPLv3WA;2gYj9lubBorOPIVWsTXugG;1.000
4xqrdfXkTW4T0RauPLv3WA;68Dni7IE4VyPkTOH9mRWHr;1.000
4xqrdfXkTW4T0RauPLv3WA;5uCax9HTNlzGybIStD3vDh;1.000
4xqrdfXkTW4T0RauPLv3WA;6xGruZOHLs39ZbVccQTuPZ;1.000
4xqrdfXkTW4T0RauPLv3WA;7KXjTSCq5nL1LoYtL7XAwS;1.000
4xqrdfXkTW4T0RauPLv3WA;7qEHsqek33rTcFNT9PFqLf;1.000
4xqrdfXkTW4T0RauPLv3WA;38T0tPVZHcPZyhtOcCP7pF;1.000
4xqrdfXkTW4T0RauPLv3WA;6i1g5ZRmJZAkDwBaUZ3f2i;1.000
4xqrdfXkTW4T0RauPLv3WA;5ww2BF9slyYgNOk37BlC4u;1.000
4xqrdfXkTW4T0RauPLv3WA;6FE2iI43OZnszFLuLtvvmg;1.000
4xqrdfXkTW4T0RauPLv3WA;5jt25aFjW2kNoBqaEVaz5W;1.000
4xqrdfXkTW4T0RauPLv3WA;6foY66mWZN0pSRjZ408c00;1.000
4xqrdfXkTW4T0RauPLv3WA;3cBsEDNhFI9E82vPj3kvi3;1.000
4xqrdfXkTW4T0RauPLv3WA;5uU1uuyaUIBOiiUSQG7Wl3;1.000
4xqrdfXkTW4T0RauPLv3WA;3Wrjm47oTz2sjIgck11l5e;1.000
4xqrdfXkTW4T0RauPLv3WA;2GThBgzZoZfz0lx1JjBwfe;1.000
4xqrdfXkTW4T0RauPLv3WA;2tGvwE8GcFKwNdAXMnlbfl;1.000
4xqrdfXkTW4T0RauPLv3WA;6HU7h9RYOaPRFeh0R3UeAr;1.000
4xqrdfXkTW4T0RauPLv3WA;4ZtFanR9U6ndgddUvNcjcG;1.000
4xqrdfXkTW4T0RauPLv3WA;5CZ40GBx1sQ9agT82CLQCT;1.000
4xqrdfXkTW4T0RauPLv3WA;5wANPM4fQCJwkGd4rN57mH;1.000
4xqrdfXkTW4T0RauPLv3WA;5O2P9iiztwhomNh8xkR9lJ;1.000
4xqrdfXkTW4T0RauPLv3WA;0kTMK4gNFfLXaTb62w1UaJ;1.000
4xqrdfXkTW4T0RauPLv3WA;5fhcuVxuBWfgNXGuyAtLmr;1.000
4xqrdfXkTW4T0RauPLv3WA;0WtM2NBVQNNJLh6scP13H8;1.000
4xqrdfXkTW4T0RauPLv3WA;4cG7HUWYHBV6R6tHn1gxrl;1.000
4xqrdfXkTW4T0RauPLv3WA;2eAvDnpXP5W0cVtiI0PUxV;1.000
4xqrdfXkTW4T0RauPLv3WA;45bE4HXI0AwGZXfZtMp8JR;1.000
4xqrdfXkTW4T0RauPLv3WA;5HCyWlXZPP0y6Gqq8TgA20;1.000
4xqrdfXkTW4T0RauPLv3WA;2374M0fQpWi3dLnB54qaLX;1.000
4xqrdfXkTW4T0RauPLv3WA;4HlFJV71xXKIGcU3kRyttv;1.000
4xqrdfXkTW4T0RauPLv3WA;1KIJclzEbNhSVw8tiHPWwE;1.000
4xqrdfXkTW4T0RauPLv3WA;2vWBUC9djv6BtiGlmKiQaH;1.000
4xqrdfXkTW4T0RauPLv3WA;4cacyP5c3PMlfnyjpg13xW;1.000
4xqrdfXkTW4T0RauPLv3WA;6GomT970rCOkKAyyrwJeZi;1.000
3F5CgOj3wFlRv51JsHbxhe;03a359wbiUsjN9h6yzXvmS;1.000
3F5CgOj3wFlRv51JsHbxhe;58HvfVOeJY7lUuCqF0m3ly;1.000
3F5CgOj3wFlRv51JsHbxhe;7lQ8MOhq6IN2w8EYcFNSUk;1.000
3F5CgOj3wFlRv51JsHbxhe;7w87IxuO7BDcJ3YUqCyMTT;1.000
3F5CgOj3wFlRv51JsHbxhe;3B54sVLJ402zGa6Xm4YGNe;1.000
3F5CgOj3wFlRv51JsHbxhe;3FAJ6O0NOHQV8Mc5Ri6ENp;1.000
3F5CgOj3wFlRv51JsHbxhe;0qOnSQQF0yzuPWsXrQ9paz;1.000
3F5CgOj3wFlRv51JsHbxhe;4LRPiXqCikLlN15c3yImP7;1.000
3F5CgOj3wFlRv51JsHbxhe;2gYj9lubBorOPIVWsTXugG;1.000
3F5CgOj3wFlRv51JsHbxhe;68Dni7IE4VyPkTOH9mRWHr;1.000
3F5CgOj3wFlRv51JsHbxhe;5uCax9HTNlzGybIStD3vDh;1.000
3F5CgOj3wFlRv51JsHbxhe;6xGruZOHLs39ZbVccQTuPZ;1.000
3F5CgOj3wFlRv51JsHbxhe;7KXjTSCq5nL1LoYtL7XAwS;1.000
3F5CgOj3wFlRv51JsHbxhe;7qEHsqek33rTcFNT9PFqLf;1.000
3F5CgOj3wFlRv51JsHbxhe;38T0tPVZHcPZyhtOcCP7pF;1.000
3F5CgOj3wFlRv51JsHbxhe;6i1g5ZRmJZAkDwBaUZ3f2i;1.000
3F5CgOj3wFlRv51JsHbxhe;5ww2BF9slyYgNOk37BlC4u;1.000
3F5CgOj3wFlRv51JsHbxhe;6FE2iI43OZnszFLuLtvvmg;1.000
3F5CgOj3wFlRv51JsHbxhe;5jt25aFjW2kNoBqaEVaz5W;1.000
3F5CgOj3wFlRv51JsHbxhe;6foY66mWZN0pSRjZ408c00;1.000
3F5CgOj3wFlRv51JsHbxhe;3cBsEDNhFI9E82vPj3kvi3;1.000
3F5CgOj3wFlRv51JsHbxhe;5uU1uuyaUIBOiiUSQG7Wl3;1.000
3F5CgOj3wFlRv51JsHbxhe;3Wrjm47oTz2sjIgck11l5e;1.000
3F5CgOj3wFlRv51JsHbxhe;2GThBgzZoZfz0lx1JjBwfe;1.000
3F5CgOj3wFlRv51JsHbxhe;2tGvwE8GcFKwNdAXMnlbfl;1.000
3F5CgOj3wFlRv51JsHbxhe;6HU7h9RYOaPRFeh0R3UeAr;1.000
3F5CgOj3wFlRv51JsHbxhe;4ZtFanR9U6ndgddUvNcjcG;1.000
3F5CgOj3wFlRv51JsHbxhe;5CZ40GBx1sQ9agT82CLQCT;1.000
3F5CgOj3wFlRv51JsHbxhe;5wANPM4fQCJwkGd4rN57mH;1.000
3F5CgOj3wFlRv51JsHbxhe;5O2P9iiztwhomNh8xkR9lJ;1.000
3F5CgOj3wFlRv51JsHbxhe;0kTMK4gNFfLXaTb62w1UaJ;1.000
3F5CgOj3wFlRv51JsHbxhe;5fhcuVxuBWfgNXGuyAtLmr;1.000
3F5CgOj3wFlRv51JsHbxhe;0WtM2NBVQNNJLh6scP13H8;1.000
3F5CgOj3wFlRv51JsHbxhe;4cG7HUWYHBV6R6tHn1gxrl;1.000
3F5CgOj3wFlRv51JsHbxhe;2eAvDnpXP5W0cVtiI0PUxV;1.000
3F5CgOj3wFlRv51JsHbxhe;45bE4HXI0AwGZXfZtMp8JR;1.000
3F5CgOj3wFlRv51JsHbxhe;5HCyWlXZPP0y6Gqq8TgA20;1.000
3F5CgOj3wFlRv51JsHbxhe;2374M0fQpWi3dLnB54qaLX;1.000
3F5CgOj3wFlRv51JsHbxhe;4HlFJV71xXKIGcU3kRyttv;1.000
3F5CgOj3wFlRv51JsHbxhe;1KIJclzEbNhSVw8tiHPWwE;1.000
3F5CgOj3wFlRv51JsHbxhe;2vWBUC9djv6BtiGlmKiQaH;1.000
3F5CgOj3wFlRv51JsHbxhe;4cacyP5c3PMlfnyjpg13xW;1.000
3F5CgOj3wFlRv51JsHbxhe;6GomT970rCOkKAyyrwJeZi;1.000
03a359wbiUsjN9h6yzXvmS;58HvfVOeJY7lUuCqF0m3ly;1.000
03a359wbiUsjN9h6yzXvmS;7lQ8MOhq6IN2w8EYcFNSUk;1.000
03a359wbiUsjN9h6yzXvmS;7w87IxuO7BDcJ3YUqCyMTT;1.000
03a359wbiUsjN9h6yzXvmS;3B54sVLJ402zGa6Xm4YGNe;1.000
03a359wbiUsjN9h6yzXvmS;3FAJ6O0NOHQV8Mc5Ri6ENp;1.000
03a359wbiUsjN9h6yzXvmS;0qOnSQQF0yzuPWsXrQ9paz;1.000
03a359wbiUsjN9h6yzXvmS;4LRPiXqCikLlN15c3yImP7;1.000
03a359wbiUsjN9h6yzXvmS;2gYj9lubBorOPIVWsTXugG;1.000
03a359wbiUsjN9h6yzXvmS;68Dni7IE4VyPkTOH9mRWHr;1.000
03a359wbiUsjN9h6yzXvmS;5uCax9HTNlzGybIStD3vDh;1.000
03a359wbiUsjN9h6yzXvmS;6xGruZOHLs39ZbVccQTuPZ;1.000
03a359wbiUsjN9h6yzXvmS;7KXjTSCq5nL1LoYtL7XAwS;1.000
03a359wbiUsjN9h6yzXvmS;7qEHsqek33rTcFNT9PFqLf;1.000
03a359wbiUsjN9h6yzXvmS;38T0tPVZHcPZyhtOcCP7pF;1.000
03a359wbiUsjN9h6yzXvmS;6i1g5ZRmJZAkDwBaUZ3f2i;1.000
03a359wbiUsjN9h6yzXvmS;5ww2BF9slyYgNOk37BlC4u;1.000
03a359wbiUsjN9h6yzXvmS;6FE2iI43OZnszFLuLtvvmg;1.000
03a359wbiUsjN9h6yzXvmS;5jt25aFjW2kNoBqaEVaz5W;1.000
03a359wbiUsjN9h6yzXvmS;6foY66mWZN0pSRjZ408c00;1.000
03a359wbiUsjN9h6yzXvmS;3cBsEDNhFI9E82vPj3kvi3;1.000
03a359wbiUsjN9h6yzXvmS;5uU1uuyaUIBOiiUSQG7Wl3;1.000
03a359wbiUsjN9h6yzXvmS;3Wrjm47oTz2sjIgck11l5e;1.000
03a359wbiUsjN9h6yzXvmS;2GThBgzZoZfz0lx1JjBwfe;1.000
03a359wbiUsjN9h6yzXvmS;2tGvwE8GcFKwNdAXMnlbfl;1.000
03a359wbiUsjN9h6yzXvmS;6HU7h9RYOaPRFeh0R3UeAr;1.000
03a359wbiUsjN9h6yzXvmS;4ZtFanR9U6ndgddUvNcjcG;1.000
03a359wbiUsjN9h6yzXvmS;5CZ40GBx1sQ9agT82CLQCT;1.000
03a359wbiUsjN9h6yzXvmS;5wANPM4fQCJwkGd4rN57mH;1.000
03a359wbiUsjN9h6yzXvmS;5O2P9iiztwhomNh8xkR9lJ;1.000
03a359wbiUsjN9h6yzXvmS;0kTMK4gNFfLXaTb62w1UaJ;1.000
03a359wbiUsjN9h6yzXvmS;5fhcuVxuBWfgNXGuyAtLmr;1.000
03a359wbiUsjN9h6yzXvmS;0WtM2NBVQNNJLh6scP13H8;1.000
03a359wbiUsjN9h6yzXvmS;4cG7HUWYHBV6R6tHn1gxrl;1.000
03a359wbiUsjN9h6yzXvmS;2eAvDnpXP5W0cVtiI0PUxV;1.000
03a359wbiUsjN9h6yzXvmS;45bE4HXI0AwGZXfZtMp8JR;1.000
03a359wbiUsjN9h6yzXvmS;5HCyWlXZPP0y6Gqq8TgA20;1.000
03a359wbiUsjN9h6yzXvmS;2374M0fQpWi3dLnB54qaLX;1.000
03a359wbiUsjN9h6yzXvmS;4HlFJV71xXKIGcU3kRyttv;1.000
03a359wbiUsjN9h6yzXvmS;1KIJclzEbNhSVw8tiHPWwE;1.000
03a359wbiUsjN9h6yzXvmS;2vWBUC9djv6BtiGlmKiQaH;1.000
03a359wbiUsjN9h6yzXvmS;4cacyP5c3PMlfnyjpg13xW;1.000
03a359wbiUsjN9h6yzXvmS;6GomT970rCOkKAyyrwJeZi;1.000
58HvfVOeJY7lUuCqF0m3ly;7lQ8MOhq6IN2w8EYcFNSUk;1.000
58HvfVOeJY7lUuCqF0m3ly;7w87IxuO7BDcJ3YUqCyMTT;1.000
58HvfVOeJY7lUuCqF0m3ly;3B54sVLJ402zGa6Xm4YGNe;1.000
58HvfVOeJY7lUuCqF0m3ly;3FAJ6O0NOHQV8Mc5Ri6ENp;1.000
58HvfVOeJY7lUuCqF0m3ly;0qOnSQQF0yzuPWsXrQ9paz;1.000
58HvfVOeJY7lUuCqF0m3ly;4LRPiXqCikLlN15c3yImP7;1.000
58HvfVOeJY7lUuCqF0m3ly;2gYj9lubBorOPIVWsTXugG;1.000
58HvfVOeJY7lUuCqF0m3ly;68Dni7IE4VyPkTOH9mRWHr;1.000
58HvfVOeJY7lUuCqF0m3ly;5uCax9HTNlzGybIStD3vDh;1.000
58HvfVOeJY7lUuCqF0m3ly;6xGruZOHLs39ZbVccQTuPZ;1.000
58HvfVOeJY7lUuCqF0m3ly;7KXjTSCq5nL1LoYtL7XAwS;1.000
58HvfVOeJY7lUuCqF0m3ly;7qEHsqek33rTcFNT9PFqLf;1.000
58HvfVOeJY7lUuCqF0m3ly;38T0tPVZHcPZyhtOcCP7pF;1.000
58HvfVOeJY7lUuCqF0m3ly;6i1g5ZRmJZAkDwBaUZ3f2i;1.000
58HvfVOeJY7lUuCqF0m3ly;5ww2BF9slyYgNOk37BlC4u;1.000
58HvfVOeJY7lUuCqF0m3ly;6FE2iI43OZnszFLuLtvvmg;1.000
58HvfVOeJY7lUuCqF0m3ly;5jt25aFjW2kNoBqaEVaz5W;1.000
58HvfVOeJY7lUuCqF0m3ly;6foY66mWZN0pSRjZ408c00;1.000
58HvfVOeJY7lUuCqF0m3ly;3cBsEDNhFI9E82vPj3kvi3;1.000
58HvfVOeJY7lUuCqF0m3ly;5uU1uuyaUIBOiiUSQG7Wl3;1.000
58HvfVOeJY7lUuCqF0m3ly;3Wrjm47oTz2sjIgck11l5e;1.000
58HvfVOeJY7lUuCqF0m3ly;2GThBgzZoZfz0lx1JjBwfe;1.000
58HvfVOeJY7lUuCqF0m3ly;2tGvwE8GcFKwNdAXMnlbfl;1.000
58HvfVOeJY7lUuCqF0m3ly;6HU7h9RYOaPRFeh0R3UeAr;1.000
58HvfVOeJY7lUuCqF0m3ly;4ZtFanR9U6ndgddUvNcjcG;1.000
58HvfVOeJY7lUuCqF0m3ly;5CZ40GBx1sQ9agT82CLQCT;1.000
58HvfVOeJY7lUuCqF0m3ly;5wANPM4fQCJwkGd4rN57mH;1.000
58HvfVOeJY7lUuCqF0m3ly;5O2P9iiztwhomNh8xkR9lJ;1.000
58HvfVOeJY7lUuCqF0m3ly;0kTMK4gNFfLXaTb62w1UaJ;1.000
58HvfVOeJY7lUuCqF0m3ly;5fhcuVxuBWfgNXGuyAtLmr;1.000
58HvfVOeJY7lUuCqF0m3ly;0WtM2NBVQNNJLh6scP13H8;1.000
58HvfVOeJY7lUuCqF0m3ly;4cG7HUWYHBV6R6tHn1gxrl;1.000
58HvfVOeJY7lUuCqF0m3ly;2eAvDnpXP5W0cVtiI0PUxV;1.000
58HvfVOeJY7lUuCqF0m3ly;45bE4HXI0AwGZXfZtMp8JR;1.000
58HvfVOeJY7lUuCqF0m3ly;5HCyWlXZPP0y6Gqq8TgA20;1.000
58HvfVOeJY7lUuCqF0m3ly;2374M0fQpWi3dLnB54qaLX;1.000
58HvfVOeJY7lUuCqF0m3ly;4HlFJV71xXKIGcU3kRyttv;1.000
58HvfVOeJY7lUuCqF0m3ly;1KIJclzEbNhSVw8tiHPWwE;1.000
58HvfVOeJY7lUuCqF0m3ly;2vWBUC9djv6BtiGlmKiQaH;1.000
58HvfVOeJY7lUuCqF0m3ly;4cacyP5c3PMlfnyjpg13xW;1.000
58HvfVOeJY7lUuCqF0m3ly;6GomT970rCOkKAyyrwJeZi;1.000
7lQ8MOhq6IN2w8EYcFNSUk;7w87IxuO7BDcJ3YUqCyMTT;1.000
7lQ8MOhq6IN2w8EYcFNSUk;3B54sVLJ402zGa6Xm4YGNe;1.000
7lQ8MOhq6IN2w8EYcFNSUk;3FAJ6O0NOHQV8Mc5Ri6ENp;1.000
7lQ8MOhq6IN2w8EYcFNSUk;0qOnSQQF0yzuPWsXrQ9paz;1.000
7lQ8MOhq6IN2w8EYcFNSUk;4LRPiXqCikLlN15c3yImP7;1.000
7lQ8MOhq6IN2w8EYcFNSUk;2gYj9lubBorOPIVWsTXugG;1.000
7lQ8MOhq6IN2w8EYcFNSUk;68Dni7IE4VyPkTOH9mRWHr;1.000
7lQ8MOhq6IN2w8EYcFNSUk;5uCax9HTNlzGybIStD3vDh;1.000
7lQ8MOhq6IN2w8EYcFNSUk;6xGruZOHLs39ZbVccQTuPZ;1.000
7lQ8MOhq6IN2w8EYcFNSUk;7KXjTSCq5nL1LoYtL7XAwS;1.000
7lQ8MOhq6IN2w8EYcFNSUk;7qEHsqek33rTcFNT9PFqLf;1.000
7lQ8MOhq6IN2w8EYcFNSUk;38T0tPVZHcPZyhtOcCP7pF;1.000
7lQ8MOhq6IN2w8EYcFNSUk;6i1g5ZRmJZAkDwBaUZ3f2i;1.000
7lQ8MOhq6IN2w8EYcFNSUk;5ww2BF9slyYgNOk37BlC4u;1.000
7lQ8MOhq6IN2w8EYcFNSUk;6FE2iI43OZnszFLuLtvvmg;1.000
7lQ8MOhq6IN2w8EYcFNSUk;5jt25aFjW2kNoBqaEVaz5W;1.000
7lQ8MOhq6IN2w8EYcFNSUk;6foY66mWZN0pSRjZ408c00;1.000
7lQ8MOhq6IN2w8EYcFNSUk;3cBsEDNhFI9E82vPj3kvi3;1.000
7lQ8MOhq6IN2w8EYcFNSUk;5uU1uuyaUIBOiiUSQG7Wl3;1.000
7lQ8MOhq6IN2w8EYcFNSUk;3Wrjm47oTz2sjIgck11l5e;1.000
7lQ8MOhq6IN2w8EYcFNSUk;2GThBgzZoZfz0lx1JjBwfe;1.000
7lQ8MOhq6IN2w8EYcFNSUk;2tGvwE8GcFKwNdAXMnlbfl;1.000
7lQ8MOhq6IN2w8EYcFNSUk;6HU7h9RYOaPRFeh0R3UeAr;1.000
7lQ8MOhq6IN2w8EYcFNSUk;4ZtFanR9U6ndgddUvNcjcG;1.000
7lQ8MOhq6IN2w8EYcFNSUk;5CZ40GBx1sQ9agT82CLQCT;1.000
7lQ8MOhq6IN2w8EYcFNSUk;5wANPM4fQCJwkGd4rN57mH;1.000
7lQ8MOhq6IN2w8EYcFNSUk;5O2P9iiztwhomNh8xkR9lJ;1.000
7lQ8MOhq6IN2w8EYcFNSUk;0kTMK4gNFfLXaTb62w1UaJ;1.000
7lQ8MOhq6IN2w8EYcFNSUk;5fhcuVxuBWfgNXGuyAtLmr;1.000
7lQ8MOhq6IN2w8EYcFNSUk;0WtM2NBVQNNJLh6scP13H8;1.000
7lQ8MOhq6IN2w8EYcFNSUk;4cG7HUWYHBV6R6tHn1gxrl;1.000
7lQ8MOhq6IN2w8EYcFNSUk;2eAvDnpXP5W0cVtiI0PUxV;1.000
7lQ8MOhq6IN2w8EYcFNSUk;45bE4HXI0AwGZXfZtMp8JR;1.000
7lQ8MOhq6IN2w8EYcFNSUk;5HCyWlXZPP0y6Gqq8TgA20;1.000
7lQ8MOhq6IN2w8EYcFNSUk;2374M0fQpWi3dLnB54qaLX;1.000
7lQ8MOhq6IN2w8EYcFNSUk;4HlFJV71xXKIGcU3kRyttv;1.000
7lQ8MOhq6IN2w8EYcFNSUk;1KIJclzEbNhSVw8tiHPWwE;1.000
7lQ8MOhq6IN2w8EYcFNSUk;2vWBUC9djv6BtiGlmKiQaH;1.000
7lQ8MOhq6IN2w8EYcFNSUk;4cacyP5c3PMlfnyjpg13xW;1.000
7lQ8MOhq6IN2w8EYcFNSUk;6GomT970rCOkKAyyrwJeZi;1.000
7w87IxuO7BDcJ3YUqCyMTT;3B54sVLJ402zGa6Xm4YGNe;1.000
7w87IxuO7BDcJ3YUqCyMTT;3FAJ6O0NOHQV8Mc5Ri6ENp;1.000
7w87IxuO7BDcJ3YUqCyMTT;0qOnSQQF0yzuPWsXrQ9paz;1.000
7w87IxuO7BDcJ3YUqCyMTT;4LRPiXqCikLlN15c3yImP7;1.000
7w87IxuO7BDcJ3YUqCyMTT;2gYj9lubBorOPIVWsTXugG;1.000
7w87IxuO7BDcJ3YUqCyMTT;68Dni7IE4VyPkTOH9mRWHr;1.000
7w87IxuO7BDcJ3YUqCyMTT;5uCax9HTNlzGybIStD3vDh;1.000
7w87IxuO7BDcJ3YUqCyMTT;6xGruZOHLs39ZbVccQTuPZ;1.000
7w87IxuO7BDcJ3YUqCyMTT;7KXjTSCq5nL1LoYtL7XAwS;1.000
7w87IxuO7BDcJ3YUqCyMTT;7qEHsqek33rTcFNT9PFqLf;1.000
7w87IxuO7BDcJ3YUqCyMTT;38T0tPVZHcPZyhtOcCP7pF;1.000
7w87IxuO7BDcJ3YUqCyMTT;6i1g5ZRmJZAkDwBaUZ3f2i;1.000
7w87IxuO7BDcJ3YUqCyMTT;5ww2BF9slyYgNOk37BlC4u;1.000
7w87IxuO7BDcJ3YUqCyMTT;6FE2iI43OZnszFLuLtvvmg;1.000
7w87IxuO7BDcJ3YUqCyMTT;5jt25aFjW2kNoBqaEVaz5W;1.000
7w87IxuO7BDcJ3YUqCyMTT;6foY66mWZN0pSRjZ408c00;1.000
7w87IxuO7BDcJ3YUqCyMTT;3cBsEDNhFI9E82vPj3kvi3;1.000
7w87IxuO7BDcJ3YUqCyMTT;5uU1uuyaUIBOiiUSQG7Wl3;1.000
7w87IxuO7BDcJ3YUqCyMTT;3Wrjm47oTz2sjIgck11l5e;1.000
7w87IxuO7BDcJ3YUqCyMTT;2GThBgzZoZfz0lx1JjBwfe;1.000
7w87IxuO7BDcJ3YUqCyMTT;2tGvwE8GcFKwNdAXMnlbfl;1.000
7w87IxuO7BDcJ3YUqCyMTT;6HU7h9RYOaPRFeh0R3UeAr;1.000
7w87IxuO7BDcJ3YUqCyMTT;4ZtFanR9U6ndgddUvNcjcG;1.000
7w87IxuO7BDcJ3YUqCyMTT;5CZ40GBx1sQ9agT82CLQCT;1.000
7w87IxuO7BDcJ3YUqCyMTT;5wANPM4fQCJwkGd4rN57mH;1.000
7w87IxuO7BDcJ3YUqCyMTT;5O2P9iiztwhomNh8xkR9lJ;1.000
7w87IxuO7BDcJ3YUqCyMTT;0kTMK4gNFfLXaTb62w1UaJ;1.000
7w87IxuO7BDcJ3YUqCyMTT;5fhcuVxuBWfgNXGuyAtLmr;1.000
7w87IxuO7BDcJ3YUqCyMTT;0WtM2NBVQNNJLh6scP13H8;1.000
7w87IxuO7BDcJ3YUqCyMTT;4cG7HUWYHBV6R6tHn1gxrl;1.000
7w87IxuO7BDcJ3YUqCyMTT;2eAvDnpXP5W0cVtiI0PUxV;1.000
7w87IxuO7BDcJ3YUqCyMTT;45bE4HXI0AwGZXfZtMp8JR;1.000
7w87IxuO7BDcJ3YUqCyMTT;5HCyWlXZPP0y6Gqq8TgA20;1.000
7w87IxuO7BDcJ3YUqCyMTT;2374M0fQpWi3dLnB54qaLX;1.000
7w87IxuO7BDcJ3YUqCyMTT;4HlFJV71xXKIGcU3kRyttv;1.000
7w87IxuO7BDcJ3YUqCyMTT;1KIJclzEbNhSVw8tiHPWwE;1.000
7w87IxuO7BDcJ3YUqCyMTT;2vWBUC9djv6BtiGlmKiQaH;1.000
7w87IxuO7BDcJ3YUqCyMTT;4cacyP5c3PMlfnyjpg13xW;1.000
7w87IxuO7BDcJ3YUqCyMTT;6GomT970rCOkKAyyrwJeZi;1.000
3B54sVLJ402zGa6Xm4YGNe;3FAJ6O0NOHQV8Mc5Ri6ENp;1.000
3B54sVLJ402zGa6Xm4YGNe;0qOnSQQF0yzuPWsXrQ9paz;1.000
3B54sVLJ402zGa6Xm4YGNe;4LRPiXqCikLlN15c3yImP7;1.000
3B54sVLJ402zGa6Xm4YGNe;2gYj9lubBorOPIVWsTXugG;1.000
3B54sVLJ402zGa6Xm4YGNe;68Dni7IE4VyPkTOH9mRWHr;1.000
3B54sVLJ402zGa6Xm4YGNe;5uCax9HTNlzGybIStD3vDh;1.000
3B54sVLJ402zGa6Xm4YGNe;6xGruZOHLs39ZbVccQTuPZ;1.000
3B54sVLJ402zGa6Xm4YGNe;7KXjTSCq5nL1LoYtL7XAwS;1.000
3B54sVLJ402zGa6Xm4YGNe;7qEHsqek33rTcFNT9PFqLf;1.000
3B54sVLJ402zGa6Xm4YGNe;38T0tPVZHcPZyhtOcCP7pF;1.000
3B54sVLJ402zGa6Xm4YGNe;6i1g5ZRmJZAkDwBaUZ3f2i;1.000
3B54sVLJ402zGa6Xm4YGNe;5ww2BF9slyYgNOk37BlC4u;1.000
3B54sVLJ402zGa6Xm4YGNe;6FE2iI43OZnszFLuLtvvmg;1.000
3B54sVLJ402zGa6Xm4YGNe;5jt25aFjW2kNoBqaEVaz5W;1.000
3B54sVLJ402zGa6Xm4YGNe;6foY66mWZN0pSRjZ408c00;1.000
3B54sVLJ402zGa6Xm4YGNe;3cBsEDNhFI9E82vPj3kvi3;1.000
3B54sVLJ402zGa6Xm4YGNe;5uU1uuyaUIBOiiUSQG7Wl3;1.000
3B54sVLJ402zGa6Xm4YGNe;3Wrjm47oTz2sjIgck11l5e;1.000
3B54sVLJ402zGa6Xm4YGNe;2GThBgzZoZfz0lx1JjBwfe;1.000
3B54sVLJ402zGa6Xm4YGNe;2tGvwE8GcFKwNdAXMnlbfl;1.000
3B54sVLJ402zGa6Xm4YGNe;6HU7h9RYOaPRFeh0R3UeAr;1.000
3B54sVLJ402zGa6Xm4YGNe;4ZtFanR9U6ndgddUvNcjcG;1.000
3B54sVLJ402zGa6Xm4YGNe;5CZ40GBx1sQ9agT82CLQCT;1.000
3B54sVLJ402zGa6Xm4YGNe;5wANPM4fQCJwkGd4rN57mH;1.000
3B54sVLJ402zGa6Xm4YGNe;5O2P9iiztwhomNh8xkR9lJ;1.000
3B54sVLJ402zGa6Xm4YGNe;0kTMK4gNFfLXaTb62w1UaJ;1.000
3B54sVLJ402zGa6Xm4YGNe;5fhcuVxuBWfgNXGuyAtLmr;1.000
3B54sVLJ402zGa6Xm4YGNe;0WtM2NBVQNNJLh6scP13H8;1.000
3B54sVLJ402zGa6Xm4YGNe;4cG7HUWYHBV6R6tHn1gxrl;1.000
3B54sVLJ402zGa6Xm4YGNe;2eAvDnpXP5W0cVtiI0PUxV;1.000
3B54sVLJ402zGa6Xm4YGNe;45bE4HXI0AwGZXfZtMp8JR;1.000
3B54sVLJ402zGa6Xm4YGNe;5HCyWlXZPP0y6Gqq8TgA20;1.000
3B54sVLJ402zGa6Xm4YGNe;2374M0fQpWi3dLnB54qaLX;1.000
3B54sVLJ402zGa6Xm4YGNe;4HlFJV71xXKIGcU3kRyttv;1.000
3B54sVLJ402zGa6Xm4YGNe;1KIJclzEbNhSVw8tiHPWwE;1.000
3B54sVLJ402zGa6Xm4YGNe;2vWBUC9djv6BtiGlmKiQaH;1.000
3B54sVLJ402zGa6Xm4YGNe;4cacyP5c3PMlfnyjpg13xW;1.000
3B54sVLJ402zGa6Xm4YGNe;6GomT970rCOkKAyyrwJeZi;1.000
3FAJ6O0NOHQV8Mc5Ri6ENp;0qOnSQQF0yzuPWsXrQ9paz;1.000
3FAJ6O0NOHQV8Mc5Ri6ENp;4LRPiXqCikLlN15c3yImP7;1.000
3FAJ6O0NOHQV8Mc5Ri6ENp;2gYj9lubBorOPIVWsTXugG;1.000
3FAJ6O0NOHQV8Mc5Ri6ENp;68Dni7IE4VyPkTOH9mRWHr;1.000
3FAJ6O0NOHQV8Mc5Ri6ENp;5uCax9HTNlzGybIStD3vDh;1.000
3FAJ6O0NOHQV8Mc5Ri6ENp;6xGruZOHLs39ZbVccQTuPZ;1.000
3FAJ6O0NOHQV8Mc5Ri6ENp;7KXjTSCq5nL1LoYtL7XAwS;1.000
3FAJ6O0NOHQV8Mc5Ri6ENp;7qEHsqek33rTcFNT9PFqLf;1.000
3FAJ6O0NOHQV8Mc5Ri6ENp;38T0tPVZHcPZyhtOcCP7pF;1.000
3FAJ6O0NOHQV8Mc5Ri6ENp;6i1g5ZRmJZAkDwBaUZ3f2i;1.000
3FAJ6O0NOHQV8Mc5Ri6ENp;5ww2BF9slyYgNOk37BlC4u;1.000
3FAJ6O0NOHQV8Mc5Ri6ENp;6FE2iI43OZnszFLuLtvvmg;1.000
3FAJ6O0NOHQV8Mc5Ri6ENp;5jt25aFjW2kNoBqaEVaz5W;1.000
3FAJ6O0NOHQV8Mc5Ri6ENp;6foY66mWZN0pSRjZ408c00;1.000
3FAJ6O0NOHQV8Mc5Ri6ENp;3cBsEDNhFI9E82vPj3kvi3;1.000
3FAJ6O0NOHQV8Mc5Ri6ENp;5uU1uuyaUIBOiiUSQG7Wl3;1.000
3FAJ6O0NOHQV8Mc5Ri6ENp;3Wrjm47oTz2sjIgck11l5e;1.000
3FAJ6O0NOHQV8Mc5Ri6ENp;2GThBgzZoZfz0lx1JjBwfe;1.000
3FAJ6O0NOHQV8Mc5Ri6ENp;2tGvwE8GcFKwNdAXMnlbfl;1.000
3FAJ6O0NOHQV8Mc5Ri6ENp;6HU7h9RYOaPRFeh0R3UeAr;1.000
3FAJ6O0NOHQV8Mc5Ri6ENp;4ZtFanR9U6ndgddUvNcjcG;1.000
3FAJ6O0NOHQV8Mc5Ri6ENp;5CZ40GBx1sQ9agT82CLQCT;1.000
3FAJ6O0NOHQV8Mc5Ri6ENp;5wANPM4fQCJwkGd4rN57mH;1.000
3FAJ6O0NOHQV8Mc5Ri6ENp;5O2P9iiztwhomNh8xkR9lJ;1.000
3FAJ6O0NOHQV8Mc5Ri6ENp;0kTMK4gNFfLXaTb62w1UaJ;1.000
3FAJ6O0NOHQV8Mc5Ri6ENp;5fhcuVxuBWfgNXGuyAtLmr;1.000
3FAJ6O0NOHQV8Mc5Ri6ENp;0WtM2NBVQNNJLh6scP13H8;1.000
3FAJ6O0NOHQV8Mc5Ri6ENp;4cG7HUWYHBV6R6tHn1gxrl;1.000
3FAJ6O0NOHQV8Mc5Ri6ENp;2eAvDnpXP5W0cVtiI0PUxV;1.000
3FAJ6O0NOHQV8Mc5Ri6ENp;45bE4HXI0AwGZXfZtMp8JR;1.000
3FAJ6O0NOHQV8Mc5Ri6ENp;5HCyWlXZPP0y6Gqq8TgA20;1.000
3FAJ6O0NOHQV8Mc5Ri6ENp;2374M0fQpWi3dLnB54qaLX;1.000
3FAJ6O0NOHQV8Mc5Ri6ENp;4HlFJV71xXKIGcU3kRyttv;1.000
3FAJ6O0NOHQV8Mc5Ri6ENp;1KIJclzEbNhSVw8tiHPWwE;1.000
3FAJ6O0NOHQV8Mc5Ri6ENp;2vWBUC9djv6BtiGlmKiQaH;1.000
3FAJ6O0NOHQV8Mc5Ri6ENp;4cacyP5c3PMlfnyjpg13xW;1.000
3FAJ6O0NOHQV8Mc5Ri6ENp;6GomT970rCOkKAyyrwJeZi;1.000
0qOnSQQF0yzuPWsXrQ9paz;4LRPiXqCikLlN15c3yImP7;1.000
0qOnSQQF0yzuPWsXrQ9paz;2gYj9lubBorOPIVWsTXugG;1.000
0qOnSQQF0yzuPWsXrQ9paz;68Dni7IE4VyPkTOH9mRWHr;1.000
0qOnSQQF0yzuPWsXrQ9paz;5uCax9HTNlzGybIStD3vDh;1.000
0qOnSQQF0yzuPWsXrQ9paz;6xGruZOHLs39ZbVccQTuPZ;1.000
0qOnSQQF0yzuPWsXrQ9paz;7KXjTSCq5nL1LoYtL7XAwS;1.000
0qOnSQQF0yzuPWsXrQ9paz;7qEHsqek33rTcFNT9PFqLf;1.000
0qOnSQQF0yzuPWsXrQ9paz;38T0tPVZHcPZyhtOcCP7pF;1.000
0qOnSQQF0yzuPWsXrQ9paz;6i1g5ZRmJZAkDwBaUZ3f2i;1.000
0qOnSQQF0yzuPWsXrQ9paz;5ww2BF9slyYgNOk37BlC4u;1.000
0qOnSQQF0yzuPWsXrQ9paz;6FE2iI43OZnszFLuLtvvmg;1.000
0qOnSQQF0yzuPWsXrQ9paz;5jt25aFjW2kNoBqaEVaz5W;1.000
0qOnSQQF0yzuPWsXrQ9paz;6foY66mWZN0pSRjZ408c00;1.000
0qOnSQQF0yzuPWsXrQ9paz;3cBsEDNhFI9E82vPj3kvi3;1.000
0qOnSQQF0yzuPWsXrQ9paz;5uU1uuyaUIBOiiUSQG7Wl3;1.000
0qOnSQQF0yzuPWsXrQ9paz;3Wrjm47oTz2sjIgck11l5e;1.000
0qOnSQQF0yzuPWsXrQ9paz;2GThBgzZoZfz0lx1JjBwfe;1.000
0qOnSQQF0yzuPWsXrQ9paz;2tGvwE8GcFKwNdAXMnlbfl;1.000
0qOnSQQF0yzuPWsXrQ9paz;6HU7h9RYOaPRFeh0R3UeAr;1.000
0qOnSQQF0yzuPWsXrQ9paz;4ZtFanR9U6ndgddUvNcjcG;1.000
0qOnSQQF0yzuPWsXrQ9paz;5CZ40GBx1sQ9agT82CLQCT;1.000
0qOnSQQF0yzuPWsXrQ9paz;5wANPM4fQCJwkGd4rN57mH;1.000
0qOnSQQF0yzuPWsXrQ9paz;5O2P9iiztwhomNh8xkR9lJ;1.000
0qOnSQQF0yzuPWsXrQ9paz;0kTMK4gNFfLXaTb62w1UaJ;1.000
0qOnSQQF0yzuPWsXrQ9paz;5fhcuVxuBWfgNXGuyAtLmr;1.000
0qOnSQQF0yzuPWsXrQ9paz;0WtM2NBVQNNJLh6scP13H8;1.000
0qOnSQQF0yzuPWsXrQ9paz;4cG7HUWYHBV6R6tHn1gxrl;1.000
0qOnSQQF0yzuPWsXrQ9paz;2eAvDnpXP5W0cVtiI0PUxV;1.000
0qOnSQQF0yzuPWsXrQ9paz;45bE4HXI0AwGZXfZtMp8JR;1.000
0qOnSQQF0yzuPWsXrQ9paz;5HCyWlXZPP0y6Gqq8TgA20;1.000
0qOnSQQF0yzuPWsXrQ9paz;2374M0fQpWi3dLnB54qaLX;1.000
0qOnSQQF0yzuPWsXrQ9paz;4HlFJV71xXKIGcU3kRyttv;1.000
0qOnSQQF0yzuPWsXrQ9paz;1KIJclzEbNhSVw8tiHPWwE;1.000
0qOnSQQF0yzuPWsXrQ9paz;2vWBUC9djv6BtiGlmKiQaH;1.000
0qOnSQQF0yzuPWsXrQ9paz;4cacyP5c3PMlfnyjpg13xW;1.000
0qOnSQQF0yzuPWsXrQ9paz;6GomT970rCOkKAyyrwJeZi;1.000
4LRPiXqCikLlN15c3yImP7;2gYj9lubBorOPIVWsTXugG;1.000
4LRPiXqCikLlN15c3yImP7;68Dni7IE4VyPkTOH9mRWHr;1.000
4LRPiXqCikLlN15c3yImP7;5uCax9HTNlzGybIStD3vDh;1.000
4LRPiXqCikLlN15c3yImP7;6xGruZOHLs39ZbVccQTuPZ;1.000
4LRPiXqCikLlN15c3yImP7;7KXjTSCq5nL1LoYtL7XAwS;1.000
4LRPiXqCikLlN15c3yImP7;7qEHsqek33rTcFNT9PFqLf;1.000
4LRPiXqCikLlN15c3yImP7;38T0tPVZHcPZyhtOcCP7pF;1.000
4LRPiXqCikLlN15c3yImP7;6i1g5ZRmJZAkDwBaUZ3f2i;1.000
4LRPiXqCikLlN15c3yImP7;5ww2BF9slyYgNOk37BlC4u;1.000
4LRPiXqCikLlN15c3yImP7;6FE2iI43OZnszFLuLtvvmg;1.000
4LRPiXqCikLlN15c3yImP7;5jt25aFjW2kNoBqaEVaz5W;1.000
4LRPiXqCikLlN15c3yImP7;6foY66mWZN0pSRjZ408c00;1.000
4LRPiXqCikLlN15c3yImP7;3cBsEDNhFI9E82vPj3kvi3;1.000
4LRPiXqCikLlN15c3yImP7;5uU1uuyaUIBOiiUSQG7Wl3;1.000
4LRPiXqCikLlN15c3yImP7;3Wrjm47oTz2sjIgck11l5e;1.000
4LRPiXqCikLlN15c3yImP7;2GThBgzZoZfz0lx1JjBwfe;1.000
4LRPiXqCikLlN15c3yImP7;2tGvwE8GcFKwNdAXMnlbfl;1.000
4LRPiXqCikLlN15c3yImP7;6HU7h9RYOaPRFeh0R3UeAr;1.000
4LRPiXqCikLlN15c3yImP7;4ZtFanR9U6ndgddUvNcjcG;1.000
4LRPiXqCikLlN15c3yImP7;5CZ40GBx1sQ9agT82CLQCT;1.000
4LRPiXqCikLlN15c3yImP7;5wANPM4fQCJwkGd4rN57mH;1.000
4LRPiXqCikLlN15c3yImP7;5O2P9iiztwhomNh8xkR9lJ;1.000
4LRPiXqCikLlN15c3yImP7;0kTMK4gNFfLXaTb62w1UaJ;1.000
4LRPiXqCikLlN15c3yImP7;5fhcuVxuBWfgNXGuyAtLmr;1.000
4LRPiXqCikLlN15c3yImP7;0WtM2NBVQNNJLh6scP13H8;1.000
4LRPiXqCikLlN15c3yImP7;4cG7HUWYHBV6R6tHn1gxrl;1.000
4LRPiXqCikLlN15c3yImP7;2eAvDnpXP5W0cVtiI0PUxV;1.000
4LRPiXqCikLlN15c3yImP7;45bE4HXI0AwGZXfZtMp8JR;1.000
4LRPiXqCikLlN15c3yImP7;5HCyWlXZPP0y6Gqq8TgA20;1.000
4LRPiXqCikLlN15c3yImP7;2374M0fQpWi3dLnB54qaLX;1.000
4LRPiXqCikLlN15c3yImP7;4HlFJV71xXKIGcU3kRyttv;1.000
4LRPiXqCikLlN15c3yImP7;1KIJclzEbNhSVw8tiHPWwE;1.000
4LRPiXqCikLlN15c3yImP7;2vWBUC9djv6BtiGlmKiQaH;1.000
4LRPiXqCikLlN15c3yImP7;4cacyP5c3PMlfnyjpg13xW;1.000
4LRPiXqCikLlN15c3yImP7;6GomT970rCOkKAyyrwJeZi;1.000
2gYj9lubBorOPIVWsTXugG;68Dni7IE4VyPkTOH9mRWHr;1.000
2gYj9lubBorOPIVWsTXugG;5uCax9HTNlzGybIStD3vDh;1.000
2gYj9lubBorOPIVWsTXugG;6xGruZOHLs39ZbVccQTuPZ;1.000
2gYj9lubBorOPIVWsTXugG;7KXjTSCq5nL1LoYtL7XAwS;1.000
2gYj9lubBorOPIVWsTXugG;7qEHsqek33rTcFNT9PFqLf;1.000
2gYj9lubBorOPIVWsTXugG;38T0tPVZHcPZyhtOcCP7pF;1.000
2gYj9lubBorOPIVWsTXugG;6i1g5ZRmJZAkDwBaUZ3f2i;1.000
2gYj9lubBorOPIVWsTXugG;5ww2BF9slyYgNOk37BlC4u;1.000
2gYj9lubBorOPIVWsTXugG;6FE2iI43OZnszFLuLtvvmg;1.000
2gYj9lubBorOPIVWsTXugG;5jt25aFjW2kNoBqaEVaz5W;1.000
2gYj9lubBorOPIVWsTXugG;6foY66mWZN0pSRjZ408c00;1.000
2gYj9lubBorOPIVWsTXugG;3cBsEDNhFI9E82vPj3kvi3;1.000
2gYj9lubBorOPIVWsTXugG;5uU1uuyaUIBOiiUSQG7Wl3;1.000
2gYj9lubBorOPIVWsTXugG;3Wrjm47oTz2sjIgck11l5e;1.000
2gYj9lubBorOPIVWsTXugG;2GThBgzZoZfz0lx1JjBwfe;1.000
2gYj9lubBorOPIVWsTXugG;2tGvwE8GcFKwNdAXMnlbfl;1.000
2gYj9lubBorOPIVWsTXugG;6HU7h9RYOaPRFeh0R3UeAr;1.000
2gYj9lubBorOPIVWsTXugG;4ZtFanR9U6ndgddUvNcjcG;1.000
2gYj9lubBorOPIVWsTXugG;5CZ40GBx1sQ9agT82CLQCT;1.000
2gYj9lubBorOPIVWsTXugG;5wANPM4fQCJwkGd4rN57mH;1.000
2gYj9lubBorOPIVWsTXugG;5O2P9iiztwhomNh8xkR9lJ;1.000
2gYj9lubBorOPIVWsTXugG;0kTMK4gNFfLXaTb62w1UaJ;1.000
2gYj9lubBorOPIVWsTXugG;5fhcuVxuBWfgNXGuyAtLmr;1.000
2gYj9lubBorOPIVWsTXugG;0WtM2NBVQNNJLh6scP13H8;1.000
2gYj9lubBorOPIVWsTXugG;4cG7HUWYHBV6R6tHn1gxrl;1.000
2gYj9lubBorOPIVWsTXugG;2eAvDnpXP5W0cVtiI0PUxV;1.000
2gYj9lubBorOPIVWsTXugG;45bE4HXI0AwGZXfZtMp8JR;1.000
2gYj9lubBorOPIVWsTXugG;5HCyWlXZPP0y6Gqq8TgA20;1.000
2gYj9lubBorOPIVWsTXugG;2374M0fQpWi3dLnB54qaLX;1.000
2gYj9lubBorOPIVWsTXugG;4HlFJV71xXKIGcU3kRyttv;1.000
2gYj9lubBorOPIVWsTXugG;1KIJclzEbNhSVw8tiHPWwE;1.000
2gYj9lubBorOPIVWsTXugG;2vWBUC9djv6BtiGlmKiQaH;1.000
2gYj9lubBorOPIVWsTXugG;4cacyP5c3PMlfnyjpg13xW;1.000
2gYj9lubBorOPIVWsTXugG;6GomT970rCOkKAyyrwJeZi;1.000
68Dni7IE4VyPkTOH9mRWHr;5uCax9HTNlzGybIStD3vDh;1.000
68Dni7IE4VyPkTOH9mRWHr;6xGruZOHLs39ZbVccQTuPZ;1.000
68Dni7IE4VyPkTOH9mRWHr;7KXjTSCq5nL1LoYtL7XAwS;1.000
68Dni7IE4VyPkTOH9mRWHr;7qEHsqek33rTcFNT9PFqLf;1.000
68Dni7IE4VyPkTOH9mRWHr;38T0tPVZHcPZyhtOcCP7pF;1.000
68Dni7IE4VyPkTOH9mRWHr;6i1g5ZRmJZAkDwBaUZ3f2i;1.000
68Dni7IE4VyPkTOH9mRWHr;5ww2BF9slyYgNOk37BlC4u;1.000
68Dni7IE4VyPkTOH9mRWHr;6FE2iI43OZnszFLuLtvvmg;1.000
68Dni7IE4VyPkTOH9mRWHr;5jt25aFjW2kNoBqaEVaz5W;1.000
68Dni7IE4VyPkTOH9mRWHr;6foY66mWZN0pSRjZ408c00;1.000
68Dni7IE4VyPkTOH9mRWHr;3cBsEDNhFI9E82vPj3kvi3;1.000
68Dni7IE4VyPkTOH9mRWHr;5uU1uuyaUIBOiiUSQG7Wl3;1.000
68Dni7IE4VyPkTOH9mRWHr;3Wrjm47oTz2sjIgck11l5e;1.000
68Dni7IE4VyPkTOH9mRWHr;2GThBgzZoZfz0lx1JjBwfe;1.000
68Dni7IE4VyPkTOH9mRWHr;2tGvwE8GcFKwNdAXMnlbfl;1.000
68Dni7IE4VyPkTOH9mRWHr;6HU7h9RYOaPRFeh0R3UeAr;1.000
68Dni7IE4VyPkTOH9mRWHr;4ZtFanR9U6ndgddUvNcjcG;1.000
68Dni7IE4VyPkTOH9mRWHr;5CZ40GBx1sQ9agT82CLQCT;1.000
68Dni7IE4VyPkTOH9mRWHr;5wANPM4fQCJwkGd4rN57mH;1.000
68Dni7IE4VyPkTOH9mRWHr;5O2P9iiztwhomNh8xkR9lJ;1.000
68Dni7IE4VyPkTOH9mRWHr;0kTMK4gNFfLXaTb62w1UaJ;1.000
68Dni7IE4VyPkTOH9mRWHr;5fhcuVxuBWfgNXGuyAtLmr;1.000
68Dni7IE4VyPkTOH9mRWHr;0WtM2NBVQNNJLh6scP13H8;1.000
68Dni7IE4VyPkTOH9mRWHr;4cG7HUWYHBV6R6tHn1gxrl;1.000
68Dni7IE4VyPkTOH9mRWHr;2eAvDnpXP5W0cVtiI0PUxV;1.000
68Dni7IE4VyPkTOH9mRWHr;45bE4HXI0AwGZXfZtMp8JR;1.000
68Dni7IE4VyPkTOH9mRWHr;5HCyWlXZPP0y6Gqq8TgA20;1.000
68Dni7IE4VyPkTOH9mRWHr;2374M0fQpWi3dLnB54qaLX;1.000
68Dni7IE4VyPkTOH9mRWHr;4HlFJV71xXKIGcU3kRyttv;1.000
68Dni7IE4VyPkTOH9mRWHr;1KIJclzEbNhSVw8tiHPWwE;1.000
68Dni7IE4VyPkTOH9mRWHr;2vWBUC9djv6BtiGlmKiQaH;1.000
68Dni7IE4VyPkTOH9mRWHr;4cacyP5c3PMlfnyjpg13xW;1.000
68Dni7IE4VyPkTOH9mRWHr;6GomT970rCOkKAyyrwJeZi;1.000
5uCax9HTNlzGybIStD3vDh;6xGruZOHLs39ZbVccQTuPZ;1.000
5uCax9HTNlzGybIStD3vDh;7KXjTSCq5nL1LoYtL7XAwS;1.000
5uCax9HTNlzGybIStD3vDh;7qEHsqek33rTcFNT9PFqLf;1.000
5uCax9HTNlzGybIStD3vDh;38T0tPVZHcPZyhtOcCP7pF;1.000
5uCax9HTNlzGybIStD3vDh;6i1g5ZRmJZAkDwBaUZ3f2i;1.000
5uCax9HTNlzGybIStD3vDh;5ww2BF9slyYgNOk37BlC4u;1.000
5uCax9HTNlzGybIStD3vDh;6FE2iI43OZnszFLuLtvvmg;1.000
5uCax9HTNlzGybIStD3vDh;5jt25aFjW2kNoBqaEVaz5W;1.000
5uCax9HTNlzGybIStD3vDh;6foY66mWZN0pSRjZ408c00;1.000
5uCax9HTNlzGybIStD3vDh;3cBsEDNhFI9E82vPj3kvi3;1.000
5uCax9HTNlzGybIStD3vDh;5uU1uuyaUIBOiiUSQG7Wl3;1.000
5uCax9HTNlzGybIStD3vDh;3Wrjm47oTz2sjIgck11l5e;1.000
5uCax9HTNlzGybIStD3vDh;2GThBgzZoZfz0lx1JjBwfe;1.000
5uCax9HTNlzGybIStD3vDh;2tGvwE8GcFKwNdAXMnlbfl;1.000
5uCax9HTNlzGybIStD3vDh;6HU7h9RYOaPRFeh0R3UeAr;1.000
5uCax9HTNlzGybIStD3vDh;4ZtFanR9U6ndgddUvNcjcG;1.000
5uCax9HTNlzGybIStD3vDh;5CZ40GBx1sQ9agT82CLQCT;1.000
5uCax9HTNlzGybIStD3vDh;5wANPM4fQCJwkGd4rN57mH;1.000
5uCax9HTNlzGybIStD3vDh;5O2P9iiztwhomNh8xkR9lJ;1.000
5uCax9HTNlzGybIStD3vDh;0kTMK4gNFfLXaTb62w1UaJ;1.000
5uCax9HTNlzGybIStD3vDh;5fhcuVxuBWfgNXGuyAtLmr;1.000
5uCax9HTNlzGybIStD3vDh;0WtM2NBVQNNJLh6scP13H8;1.000
5uCax9HTNlzGybIStD3vDh;4cG7HUWYHBV6R6tHn1gxrl;1.000
5uCax9HTNlzGybIStD3vDh;2eAvDnpXP5W0cVtiI0PUxV;1.000
5uCax9HTNlzGybIStD3vDh;45bE4HXI0AwGZXfZtMp8JR;1.000
5uCax9HTNlzGybIStD3vDh;5HCyWlXZPP0y6Gqq8TgA20;1.000
5uCax9HTNlzGybIStD3vDh;2374M0fQpWi3dLnB54qaLX;1.000
5uCax9HTNlzGybIStD3vDh;4HlFJV71xXKIGcU3kRyttv;1.000
5uCax9HTNlzGybIStD3vDh;1KIJclzEbNhSVw8tiHPWwE;1.000
5uCax9HTNlzGybIStD3vDh;2vWBUC9djv6BtiGlmKiQaH;1.000
5uCax9HTNlzGybIStD3vDh;4cacyP5c3PMlfnyjpg13xW;1.000
5uCax9HTNlzGybIStD3vDh;6GomT970rCOkKAyyrwJeZi;1.000
6xGruZOHLs39ZbVccQTuPZ;7KXjTSCq5nL1LoYtL7XAwS;1.000
6xGruZOHLs39ZbVccQTuPZ;7qEHsqek33rTcFNT9PFqLf;1.000
6xGruZOHLs39ZbVccQTuPZ;38T0tPVZHcPZyhtOcCP7pF;1.000
6xGruZOHLs39ZbVccQTuPZ;6i1g5ZRmJZAkDwBaUZ3f2i;1.000
6xGruZOHLs39ZbVccQTuPZ;5ww2BF9slyYgNOk37BlC4u;1.000
6xGruZOHLs39ZbVccQTuPZ;6FE2iI43OZnszFLuLtvvmg;1.000
6xGruZOHLs39ZbVccQTuPZ;5jt25aFjW2kNoBqaEVaz5W;1.000
6xGruZOHLs39ZbVccQTuPZ;6foY66mWZN0pSRjZ408c00;1.000
6xGruZOHLs39ZbVccQTuPZ;3cBsEDNhFI9E82vPj3kvi3;1.000
6xGruZOHLs39ZbVccQTuPZ;5uU1uuyaUIBOiiUSQG7Wl3;1.000
6xGruZOHLs39ZbVccQTuPZ;3Wrjm47oTz2sjIgck11l5e;1.000
6xGruZOHLs39ZbVccQTuPZ;2GThBgzZoZfz0lx1JjBwfe;1.000
6xGruZOHLs39ZbVccQTuPZ;2tGvwE8GcFKwNdAXMnlbfl;1.000
6xGruZOHLs39ZbVccQTuPZ;6HU7h9RYOaPRFeh0R3UeAr;1.000
6xGruZOHLs39ZbVccQTuPZ;4ZtFanR9U6ndgddUvNcjcG;1.000
6xGruZOHLs39ZbVccQTuPZ;5CZ40GBx1sQ9agT82CLQCT;1.000
6xGruZOHLs39ZbVccQTuPZ;5wANPM4fQCJwkGd4rN57mH;1.000
6xGruZOHLs39ZbVccQTuPZ;5O2P9iiztwhomNh8xkR9lJ;1.000
6xGruZOHLs39ZbVccQTuPZ;0kTMK4gNFfLXaTb62w1UaJ;1.000
6xGruZOHLs39ZbVccQTuPZ;5fhcuVxuBWfgNXGuyAtLmr;1.000
6xGruZOHLs39ZbVccQTuPZ;0WtM2NBVQNNJLh6scP13H8;1.000
6xGruZOHLs39ZbVccQTuPZ;4cG7HUWYHBV6R6tHn1gxrl;1.000
6xGruZOHLs39ZbVccQTuPZ;2eAvDnpXP5W0cVtiI0PUxV;1.000
6xGruZOHLs39ZbVccQTuPZ;45bE4HXI0AwGZXfZtMp8JR;1.000
6xGruZOHLs39ZbVccQTuPZ;5HCyWlXZPP0y6Gqq8TgA20;1.000
6xGruZOHLs39ZbVccQTuPZ;2374M0fQpWi3dLnB54qaLX;1.000
6xGruZOHLs39ZbVccQTuPZ;4HlFJV71xXKIGcU3kRyttv;1.000
6xGruZOHLs39ZbVccQTuPZ;1KIJclzEbNhSVw8tiHPWwE;1.000
6xGruZOHLs39ZbVccQTuPZ;2vWBUC9djv6BtiGlmKiQaH;1.000
6xGruZOHLs39ZbVccQTuPZ;4cacyP5c3PMlfnyjpg13xW;1.000
6xGruZOHLs39ZbVccQTuPZ;6GomT970rCOkKAyyrwJeZi;1.000
7KXjTSCq5nL1LoYtL7XAwS;7qEHsqek33rTcFNT9PFqLf;1.000
7KXjTSCq5nL1LoYtL7XAwS;38T0tPVZHcPZyhtOcCP7pF;1.000
7KXjTSCq5nL1LoYtL7XAwS;6i1g5ZRmJZAkDwBaUZ3f2i;1.000
7KXjTSCq5nL1LoYtL7XAwS;5ww2BF9slyYgNOk37BlC4u;1.000
7KXjTSCq5nL1LoYtL7XAwS;6FE2iI43OZnszFLuLtvvmg;1.000
7KXjTSCq5nL1LoYtL7XAwS;5jt25aFjW2kNoBqaEVaz5W;1.000
7KXjTSCq5nL1LoYtL7XAwS;6foY66mWZN0pSRjZ408c00;1.000
7KXjTSCq5nL1LoYtL7XAwS;3cBsEDNhFI9E82vPj3kvi3;1.000
7KXjTSCq5nL1LoYtL7XAwS;5uU1uuyaUIBOiiUSQG7Wl3;1.000
7KXjTSCq5nL1LoYtL7XAwS;3Wrjm47oTz2sjIgck11l5e;1.000
7KXjTSCq5nL1LoYtL7XAwS;2GThBgzZoZfz0lx1JjBwfe;1.000
7KXjTSCq5nL1LoYtL7XAwS;2tGvwE8GcFKwNdAXMnlbfl;1.000
7KXjTSCq5nL1LoYtL7XAwS;6HU7h9RYOaPRFeh0R3UeAr;1.000
7KXjTSCq5nL1LoYtL7XAwS;4ZtFanR9U6ndgddUvNcjcG;1.000
7KXjTSCq5nL1LoYtL7XAwS;5CZ40GBx1sQ9agT82CLQCT;1.000
7KXjTSCq5nL1LoYtL7XAwS;5wANPM4fQCJwkGd4rN57mH;1.000
7KXjTSCq5nL1LoYtL7XAwS;5O2P9iiztwhomNh8xkR9lJ;1.000
7KXjTSCq5nL1LoYtL7XAwS;0kTMK4gNFfLXaTb62w1UaJ;1.000
7KXjTSCq5nL1LoYtL7XAwS;5fhcuVxuBWfgNXGuyAtLmr;1.000
7KXjTSCq5nL1LoYtL7XAwS;0WtM2NBVQNNJLh6scP13H8;1.000
7KXjTSCq5nL1LoYtL7XAwS;4cG7HUWYHBV6R6tHn1gxrl;1.000
7KXjTSCq5nL1LoYtL7XAwS;2eAvDnpXP5W0cVtiI0PUxV;1.000
7KXjTSCq5nL1LoYtL7XAwS;45bE4HXI0AwGZXfZtMp8JR;1.000
7KXjTSCq5nL1LoYtL7XAwS;5HCyWlXZPP0y6Gqq8TgA20;1.000
7KXjTSCq5nL1LoYtL7XAwS;2374M0fQpWi3dLnB54qaLX;1.000
7KXjTSCq5nL1LoYtL7XAwS;4HlFJV71xXKIGcU3kRyttv;1.000
7KXjTSCq5nL1LoYtL7XAwS;1KIJclzEbNhSVw8tiHPWwE;1.000
7KXjTSCq5nL1LoYtL7XAwS;2vWBUC9djv6BtiGlmKiQaH;1.000
7KXjTSCq5nL1LoYtL7XAwS;4cacyP5c3PMlfnyjpg13xW;1.000
7KXjTSCq5nL1LoYtL7XAwS;6GomT970rCOkKAyyrwJeZi;1.000
7qEHsqek33rTcFNT9PFqLf;38T0tPVZHcPZyhtOcCP7pF;1.000
7qEHsqek33rTcFNT9PFqLf;6i1g5ZRmJZAkDwBaUZ3f2i;1.000
7qEHsqek33rTcFNT9PFqLf;5ww2BF9slyYgNOk37BlC4u;1.000
7qEHsqek33rTcFNT9PFqLf;6FE2iI43OZnszFLuLtvvmg;1.000
7qEHsqek33rTcFNT9PFqLf;5jt25aFjW2kNoBqaEVaz5W;1.000
7qEHsqek33rTcFNT9PFqLf;6foY66mWZN0pSRjZ408c00;1.000
7qEHsqek33rTcFNT9PFqLf;3cBsEDNhFI9E82vPj3kvi3;1.000
7qEHsqek33rTcFNT9PFqLf;5uU1uuyaUIBOiiUSQG7Wl3;1.000
7qEHsqek33rTcFNT9PFqLf;3Wrjm47oTz2sjIgck11l5e;1.000
7qEHsqek33rTcFNT9PFqLf;2GThBgzZoZfz0lx1JjBwfe;1.000
7qEHsqek33rTcFNT9PFqLf;2tGvwE8GcFKwNdAXMnlbfl;1.000
7qEHsqek33rTcFNT9PFqLf;6HU7h9RYOaPRFeh0R3UeAr;1.000
7qEHsqek33rTcFNT9PFqLf;4ZtFanR9U6ndgddUvNcjcG;1.000
7qEHsqek33rTcFNT9PFqLf;5CZ40GBx1sQ9agT82CLQCT;1.000
7qEHsqek33rTcFNT9PFqLf;5wANPM4fQCJwkGd4rN57mH;1.000
7qEHsqek33rTcFNT9PFqLf;5O2P9iiztwhomNh8xkR9lJ;1.000
7qEHsqek33rTcFNT9PFqLf;0kTMK4gNFfLXaTb62w1UaJ;1.000
7qEHsqek33rTcFNT9PFqLf;5fhcuVxuBWfgNXGuyAtLmr;1.000
7qEHsqek33rTcFNT9PFqLf;0WtM2NBVQNNJLh6scP13H8;1.000
7qEHsqek33rTcFNT9PFqLf;4cG7HUWYHBV6R6tHn1gxrl;1.000
7qEHsqek33rTcFNT9PFqLf;2eAvDnpXP5W0cVtiI0PUxV;1.000
7qEHsqek33rTcFNT9PFqLf;45bE4HXI0AwGZXfZtMp8JR;1.000
7qEHsqek33rTcFNT9PFqLf;5HCyWlXZPP0y6Gqq8TgA20;1.000
7qEHsqek33rTcFNT9PFqLf;2374M0fQpWi3dLnB54qaLX;1.000
7qEHsqek33rTcFNT9PFqLf;4HlFJV71xXKIGcU3kRyttv;1.000
7qEHsqek33rTcFNT9PFqLf;1KIJclzEbNhSVw8tiHPWwE;1.000
7qEHsqek33rTcFNT9PFqLf;2vWBUC9djv6BtiGlmKiQaH;1.000
7qEHsqek33rTcFNT9PFqLf;4cacyP5c3PMlfnyjpg13xW;1.000
7qEHsqek33rTcFNT9PFqLf;6GomT970rCOkKAyyrwJeZi;1.000
38T0tPVZHcPZyhtOcCP7pF;6i1g5ZRmJZAkDwBaUZ3f2i;1.000
38T0tPVZHcPZyhtOcCP7pF;5ww2BF9slyYgNOk37BlC4u;1.000
38T0tPVZHcPZyhtOcCP7pF;6FE2iI43OZnszFLuLtvvmg;1.000
38T0tPVZHcPZyhtOcCP7pF;5jt25aFjW2kNoBqaEVaz5W;1.000
38T0tPVZHcPZyhtOcCP7pF;6foY66mWZN0pSRjZ408c00;1.000
38T0tPVZHcPZyhtOcCP7pF;3cBsEDNhFI9E82vPj3kvi3;1.000
38T0tPVZHcPZyhtOcCP7pF;5uU1uuyaUIBOiiUSQG7Wl3;1.000
38T0tPVZHcPZyhtOcCP7pF;3Wrjm47oTz2sjIgck11l5e;1.000
38T0tPVZHcPZyhtOcCP7pF;2GThBgzZoZfz0lx1JjBwfe;1.000
38T0tPVZHcPZyhtOcCP7pF;2tGvwE8GcFKwNdAXMnlbfl;1.000
38T0tPVZHcPZyhtOcCP7pF;6HU7h9RYOaPRFeh0R3UeAr;1.000
38T0tPVZHcPZyhtOcCP7pF;4ZtFanR9U6ndgddUvNcjcG;1.000
38T0tPVZHcPZyhtOcCP7pF;5CZ40GBx1sQ9agT82CLQCT;1.000
38T0tPVZHcPZyhtOcCP7pF;5wANPM4fQCJwkGd4rN57mH;1.000
38T0tPVZHcPZyhtOcCP7pF;5O2P9iiztwhomNh8xkR9lJ;1.000
38T0tPVZHcPZyhtOcCP7pF;0kTMK4gNFfLXaTb62w1UaJ;1.000
38T0tPVZHcPZyhtOcCP7pF;5fhcuVxuBWfgNXGuyAtLmr;1.000
38T0tPVZHcPZyhtOcCP7pF;0WtM2NBVQNNJLh6scP13H8;1.000
38T0tPVZHcPZyhtOcCP7pF;4cG7HUWYHBV6R6tHn1gxrl;1.000
38T0tPVZHcPZyhtOcCP7pF;2eAvDnpXP5W0cVtiI0PUxV;1.000
38T0tPVZHcPZyhtOcCP7pF;45bE4HXI0AwGZXfZtMp8JR;1.000
38T0tPVZHcPZyhtOcCP7pF;5HCyWlXZPP0y6Gqq8TgA20;1.000
38T0tPVZHcPZyhtOcCP7pF;2374M0fQpWi3dLnB54qaLX;1.000
38T0tPVZHcPZyhtOcCP7pF;4HlFJV71xXKIGcU3kRyttv;1.000
38T0tPVZHcPZyhtOcCP7pF;1KIJclzEbNhSVw8tiHPWwE;1.000
38T0tPVZHcPZyhtOcCP7pF;2vWBUC9djv6BtiGlmKiQaH;1.000
38T0tPVZHcPZyhtOcCP7pF;4cacyP5c3PMlfnyjpg13xW;1.000
38T0tPVZHcPZyhtOcCP7pF;6GomT970rCOkKAyyrwJeZi;1.000
6i1g5ZRmJZAkDwBaUZ3f2i;5ww2BF9slyYgNOk37BlC4u;1.000
6i1g5ZRmJZAkDwBaUZ3f2i;6FE2iI43OZnszFLuLtvvmg;1.000
6i1g5ZRmJZAkDwBaUZ3f2i;5jt25aFjW2kNoBqaEVaz5W;1.000
6i1g5ZRmJZAkDwBaUZ3f2i;6foY66mWZN0pSRjZ408c00;1.000
6i1g5ZRmJZAkDwBaUZ3f2i;3cBsEDNhFI9E82vPj3kvi3;1.000
6i1g5ZRmJZAkDwBaUZ3f2i;5uU1uuyaUIBOiiUSQG7Wl3;1.000
6i1g5ZRmJZAkDwBaUZ3f2i;3Wrjm47oTz2sjIgck11l5e;1.000
6i1g5ZRmJZAkDwBaUZ3f2i;2GThBgzZoZfz0lx1JjBwfe;1.000
6i1g5ZRmJZAkDwBaUZ3f2i;2tGvwE8GcFKwNdAXMnlbfl;1.000
6i1g5ZRmJZAkDwBaUZ3f2i;6HU7h9RYOaPRFeh0R3UeAr;1.000
6i1g5ZRmJZAkDwBaUZ3f2i;4ZtFanR9U6ndgddUvNcjcG;1.000
6i1g5ZRmJZAkDwBaUZ3f2i;5CZ40GBx1sQ9agT82CLQCT;1.000
6i1g5ZRmJZAkDwBaUZ3f2i;5wANPM4fQCJwkGd4rN57mH;1.000
6i1g5ZRmJZAkDwBaUZ3f2i;5O2P9iiztwhomNh8xkR9lJ;1.000
6i1g5ZRmJZAkDwBaUZ3f2i;0kTMK4gNFfLXaTb62w1UaJ;1.000
6i1g5ZRmJZAkDwBaUZ3f2i;5fhcuVxuBWfgNXGuyAtLmr;1.000
6i1g5ZRmJZAkDwBaUZ3f2i;0WtM2NBVQNNJLh6scP13H8;1.000
6i1g5ZRmJZAkDwBaUZ3f2i;4cG7HUWYHBV6R6tHn1gxrl;1.000
6i1g5ZRmJZAkDwBaUZ3f2i;2eAvDnpXP5W0cVtiI0PUxV;1.000
6i1g5ZRmJZAkDwBaUZ3f2i;45bE4HXI0AwGZXfZtMp8JR;1.000
6i1g5ZRmJZAkDwBaUZ3f2i;5HCyWlXZPP0y6Gqq8TgA20;1.000
6i1g5ZRmJZAkDwBaUZ3f2i;2374M0fQpWi3dLnB54qaLX;1.000
6i1g5ZRmJZAkDwBaUZ3f2i;4HlFJV71xXKIGcU3kRyttv;1.000
6i1g5ZRmJZAkDwBaUZ3f2i;1KIJclzEbNhSVw8tiHPWwE;1.000
6i1g5ZRmJZAkDwBaUZ3f2i;2vWBUC9djv6BtiGlmKiQaH;1.000
6i1g5ZRmJZAkDwBaUZ3f2i;4cacyP5c3PMlfnyjpg13xW;1.000
6i1g5ZRmJZAkDwBaUZ3f2i;6GomT970rCOkKAyyrwJeZi;1.000
5ww2BF9slyYgNOk37BlC4u;6FE2iI43OZnszFLuLtvvmg;1.000
5ww2BF9slyYgNOk37BlC4u;5jt25aFjW2kNoBqaEVaz5W;1.000
5ww2BF9slyYgNOk37BlC4u;6foY66mWZN0pSRjZ408c00;1.000
5ww2BF9slyYgNOk37BlC4u;3cBsEDNhFI9E82vPj3kvi3;1.000
5ww2BF9slyYgNOk37BlC4u;5uU1uuyaUIBOiiUSQG7Wl3;1.000
5ww2BF9slyYgNOk37BlC4u;3Wrjm47oTz2sjIgck11l5e;1.000
5ww2BF9slyYgNOk37BlC4u;2GThBgzZoZfz0lx1JjBwfe;1.000
5ww2BF9slyYgNOk37BlC4u;2tGvwE8GcFKwNdAXMnlbfl;1.000
5ww2BF9slyYgNOk37BlC4u;6HU7h9RYOaPRFeh0R3UeAr;1.000
5ww2BF9slyYgNOk37BlC4u;4ZtFanR9U6ndgddUvNcjcG;1.000
5ww2BF9slyYgNOk37BlC4u;5CZ40GBx1sQ9agT82CLQCT;1.000
5ww2BF9slyYgNOk37BlC4u;5wANPM4fQCJwkGd4rN57mH;1.000
5ww2BF9slyYgNOk37BlC4u;5O2P9iiztwhomNh8xkR9lJ;1.000
5ww2BF9slyYgNOk37BlC4u;0kTMK4gNFfLXaTb62w1UaJ;1.000
5ww2BF9slyYgNOk37BlC4u;5fhcuVxuBWfgNXGuyAtLmr;1.000
5ww2BF9slyYgNOk37BlC4u;0WtM2NBVQNNJLh6scP13H8;1.000
5ww2BF9slyYgNOk37BlC4u;4cG7HUWYHBV6R6tHn1gxrl;1.000
5ww2BF9slyYgNOk37BlC4u;2eAvDnpXP5W0cVtiI0PUxV;1.000
5ww2BF9slyYgNOk37BlC4u;45bE4HXI0AwGZXfZtMp8JR;1.000
5ww2BF9slyYgNOk37BlC4u;5HCyWlXZPP0y6Gqq8TgA20;1.000
5ww2BF9slyYgNOk37BlC4u;2374M0fQpWi3dLnB54qaLX;1.000
5ww2BF9slyYgNOk37BlC4u;4HlFJV71xXKIGcU3kRyttv;1.000
5ww2BF9slyYgNOk37BlC4u;1KIJclzEbNhSVw8tiHPWwE;1.000
5ww2BF9slyYgNOk37BlC4u;2vWBUC9djv6BtiGlmKiQaH;1.000
5ww2BF9slyYgNOk37BlC4u;4cacyP5c3PMlfnyjpg13xW;1.000
5ww2BF9slyYgNOk37BlC4u;6GomT970rCOkKAyyrwJeZi;1.000
6FE2iI43OZnszFLuLtvvmg;5jt25aFjW2kNoBqaEVaz5W;1.000
6FE2iI43OZnszFLuLtvvmg;6foY66mWZN0pSRjZ408c00;1.000
6FE2iI43OZnszFLuLtvvmg;3cBsEDNhFI9E82vPj3kvi3;1.000
6FE2iI43OZnszFLuLtvvmg;5uU1uuyaUIBOiiUSQG7Wl3;1.000
6FE2iI43OZnszFLuLtvvmg;3Wrjm47oTz2sjIgck11l5e;1.000
6FE2iI43OZnszFLuLtvvmg;2GThBgzZoZfz0lx1JjBwfe;1.000
6FE2iI43OZnszFLuLtvvmg;2tGvwE8GcFKwNdAXMnlbfl;1.000
6FE2iI43OZnszFLuLtvvmg;6HU7h9RYOaPRFeh0R3UeAr;1.000
6FE2iI43OZnszFLuLtvvmg;4ZtFanR9U6ndgddUvNcjcG;1.000
6FE2iI43OZnszFLuLtvvmg;5CZ40GBx1sQ9agT82CLQCT;1.000
6FE2iI43OZnszFLuLtvvmg;5wANPM4fQCJwkGd4rN57mH;1.000
6FE2iI43OZnszFLuLtvvmg;5O2P9iiztwhomNh8xkR9lJ;1.000
6FE2iI43OZnszFLuLtvvmg;0kTMK4gNFfLXaTb62w1UaJ;1.000
6FE2iI43OZnszFLuLtvvmg;5fhcuVxuBWfgNXGuyAtLmr;1.000
6FE2iI43OZnszFLuLtvvmg;0WtM2NBVQNNJLh6scP13H8;1.000
6FE2iI43OZnszFLuLtvvmg;4cG7HUWYHBV6R6tHn1gxrl;1.000
6FE2iI43OZnszFLuLtvvmg;2eAvDnpXP5W0cVtiI0PUxV;1.000
6FE2iI43OZnszFLuLtvvmg;45bE4HXI0AwGZXfZtMp8JR;1.000
6FE2iI43OZnszFLuLtvvmg;5HCyWlXZPP0y6Gqq8TgA20;1.000
6FE2iI43OZnszFLuLtvvmg;2374M0fQpWi3dLnB54qaLX;1.000
6FE2iI43OZnszFLuLtvvmg;4HlFJV71xXKIGcU3kRyttv;1.000
6FE2iI43OZnszFLuLtvvmg;1KIJclzEbNhSVw8tiHPWwE;1.000
6FE2iI43OZnszFLuLtvvmg;2vWBUC9djv6BtiGlmKiQaH;1.000
6FE2iI43OZnszFLuLtvvmg;4cacyP5c3PMlfnyjpg13xW;1.000
6FE2iI43OZnszFLuLtvvmg;6GomT970rCOkKAyyrwJeZi;1.000
5jt25aFjW2kNoBqaEVaz5W;6foY66mWZN0pSRjZ408c00;1.000
5jt25aFjW2kNoBqaEVaz5W;3cBsEDNhFI9E82vPj3kvi3;1.000
5jt25aFjW2kNoBqaEVaz5W;5uU1uuyaUIBOiiUSQG7Wl3;1.000
5jt25aFjW2kNoBqaEVaz5W;3Wrjm47oTz2sjIgck11l5e;1.000
5jt25aFjW2kNoBqaEVaz5W;2GThBgzZoZfz0lx1JjBwfe;1.000
5jt25aFjW2kNoBqaEVaz5W;2tGvwE8GcFKwNdAXMnlbfl;1.000
5jt25aFjW2kNoBqaEVaz5W;6HU7h9RYOaPRFeh0R3UeAr;1.000
5jt25aFjW2kNoBqaEVaz5W;4ZtFanR9U6ndgddUvNcjcG;1.000
5jt25aFjW2kNoBqaEVaz5W;5CZ40GBx1sQ9agT82CLQCT;1.000
5jt25aFjW2kNoBqaEVaz5W;5wANPM4fQCJwkGd4rN57mH;1.000
5jt25aFjW2kNoBqaEVaz5W;5O2P9iiztwhomNh8xkR9lJ;1.000
5jt25aFjW2kNoBqaEVaz5W;0kTMK4gNFfLXaTb62w1UaJ;1.000
5jt25aFjW2kNoBqaEVaz5W;5fhcuVxuBWfgNXGuyAtLmr;1.000
5jt25aFjW2kNoBqaEVaz5W;0WtM2NBVQNNJLh6scP13H8;1.000
5jt25aFjW2kNoBqaEVaz5W;4cG7HUWYHBV6R6tHn1gxrl;1.000
5jt25aFjW2kNoBqaEVaz5W;2eAvDnpXP5W0cVtiI0PUxV;1.000
5jt25aFjW2kNoBqaEVaz5W;45bE4HXI0AwGZXfZtMp8JR;1.000
5jt25aFjW2kNoBqaEVaz5W;5HCyWlXZPP0y6Gqq8TgA20;1.000
5jt25aFjW2kNoBqaEVaz5W;2374M0fQpWi3dLnB54qaLX;1.000
5jt25aFjW2kNoBqaEVaz5W;4HlFJV71xXKIGcU3kRyttv;1.000
5jt25aFjW2kNoBqaEVaz5W;1KIJclzEbNhSVw8tiHPWwE;1.000
5jt25aFjW2kNoBqaEVaz5W;2vWBUC9djv6BtiGlmKiQaH;1.000
5jt25aFjW2kNoBqaEVaz5W;4cacyP5c3PMlfnyjpg13xW;1.000
5jt25aFjW2kNoBqaEVaz5W;6GomT970rCOkKAyyrwJeZi;1.000
6foY66mWZN0pSRjZ408c00;3cBsEDNhFI9E82vPj3kvi3;1.000
6foY66mWZN0pSRjZ408c00;5uU1uuyaUIBOiiUSQG7Wl3;1.000
6foY66mWZN0pSRjZ408c00;3Wrjm47oTz2sjIgck11l5e;1.000
6foY66mWZN0pSRjZ408c00;2GThBgzZoZfz0lx1JjBwfe;1.000
6foY66mWZN0pSRjZ408c00;2tGvwE8GcFKwNdAXMnlbfl;1.000
6foY66mWZN0pSRjZ408c00;6HU7h9RYOaPRFeh0R3UeAr;1.000
6foY66mWZN0pSRjZ408c00;4ZtFanR9U6ndgddUvNcjcG;1.000
6foY66mWZN0pSRjZ408c00;5CZ40GBx1sQ9agT82CLQCT;1.000
6foY66mWZN0pSRjZ408c00;5wANPM4fQCJwkGd4rN57mH;1.000
6foY66mWZN0pSRjZ408c00;5O2P9iiztwhomNh8xkR9lJ;1.000
6foY66mWZN0pSRjZ408c00;0kTMK4gNFfLXaTb62w1UaJ;1.000
6foY66mWZN0pSRjZ408c00;5fhcuVxuBWfgNXGuyAtLmr;1.000
6foY66mWZN0pSRjZ408c00;0WtM2NBVQNNJLh6scP13H8;1.000
6foY66mWZN0pSRjZ408c00;4cG7HUWYHBV6R6tHn1gxrl;1.000
6foY66mWZN0pSRjZ408c00;2eAvDnpXP5W0cVtiI0PUxV;1.000
6foY66mWZN0pSRjZ408c00;45bE4HXI0AwGZXfZtMp8JR;1.000
6foY66mWZN0pSRjZ408c00;5HCyWlXZPP0y6Gqq8TgA20;1.000
6foY66mWZN0pSRjZ408c00;2374M0fQpWi3dLnB54qaLX;1.000
6foY66mWZN0pSRjZ408c00;4HlFJV71xXKIGcU3kRyttv;1.000
6foY66mWZN0pSRjZ408c00;1KIJclzEbNhSVw8tiHPWwE;1.000
6foY66mWZN0pSRjZ408c00;2vWBUC9djv6BtiGlmKiQaH;1.000
6foY66mWZN0pSRjZ408c00;4cacyP5c3PMlfnyjpg13xW;1.000
6foY66mWZN0pSRjZ408c00;6GomT970rCOkKAyyrwJeZi;1.000
3cBsEDNhFI9E82vPj3kvi3;5uU1uuyaUIBOiiUSQG7Wl3;1.000
3cBsEDNhFI9E82vPj3kvi3;3Wrjm47oTz2sjIgck11l5e;1.000
3cBsEDNhFI9E82vPj3kvi3;2GThBgzZoZfz0lx1JjBwfe;1.000
3cBsEDNhFI9E82vPj3kvi3;2tGvwE8GcFKwNdAXMnlbfl;1.000
3cBsEDNhFI9E82vPj3kvi3;6HU7h9RYOaPRFeh0R3UeAr;1.000
3cBsEDNhFI9E82vPj3kvi3;4ZtFanR9U6ndgddUvNcjcG;1.000
3cBsEDNhFI9E82vPj3kvi3;5CZ40GBx1sQ9agT82CLQCT;1.000
3cBsEDNhFI9E82vPj3kvi3;5wANPM4fQCJwkGd4rN57mH;1.000
3cBsEDNhFI9E82vPj3kvi3;5O2P9iiztwhomNh8xkR9lJ;1.000
3cBsEDNhFI9E82vPj3kvi3;0kTMK4gNFfLXaTb62w1UaJ;1.000
3cBsEDNhFI9E82vPj3kvi3;5fhcuVxuBWfgNXGuyAtLmr;1.000
3cBsEDNhFI9E82vPj3kvi3;0WtM2NBVQNNJLh6scP13H8;1.000
3cBsEDNhFI9E82vPj3kvi3;4cG7HUWYHBV6R6tHn1gxrl;1.000
3cBsEDNhFI9E82vPj3kvi3;2eAvDnpXP5W0cVtiI0PUxV;1.000
3cBsEDNhFI9E82vPj3kvi3;45bE4HXI0AwGZXfZtMp8JR;1.000
3cBsEDNhFI9E82vPj3kvi3;5HCyWlXZPP0y6Gqq8TgA20;1.000
3cBsEDNhFI9E82vPj3kvi3;2374M0fQpWi3dLnB54qaLX;1.000
3cBsEDNhFI9E82vPj3kvi3;4HlFJV71xXKIGcU3kRyttv;1.000
3cBsEDNhFI9E82vPj3kvi3;1KIJclzEbNhSVw8tiHPWwE;1.000
3cBsEDNhFI9E82vPj3kvi3;2vWBUC9djv6BtiGlmKiQaH;1.000
3cBsEDNhFI9E82vPj3kvi3;4cacyP5c3PMlfnyjpg13xW;1.000
3cBsEDNhFI9E82vPj3kvi3;6GomT970rCOkKAyyrwJeZi;1.000
5uU1uuyaUIBOiiUSQG7Wl3;3Wrjm47oTz2sjIgck11l5e;1.000
5uU1uuyaUIBOiiUSQG7Wl3;2GThBgzZoZfz0lx1JjBwfe;1.000
5uU1uuyaUIBOiiUSQG7Wl3;2tGvwE8GcFKwNdAXMnlbfl;1.000
5uU1uuyaUIBOiiUSQG7Wl3;6HU7h9RYOaPRFeh0R3UeAr;1.000
5uU1uuyaUIBOiiUSQG7Wl3;4ZtFanR9U6ndgddUvNcjcG;1.000
5uU1uuyaUIBOiiUSQG7Wl3;5CZ40GBx1sQ9agT82CLQCT;1.000
5uU1uuyaUIBOiiUSQG7Wl3;5wANPM4fQCJwkGd4rN57mH;1.000
5uU1uuyaUIBOiiUSQG7Wl3;5O2P9iiztwhomNh8xkR9lJ;1.000
5uU1uuyaUIBOiiUSQG7Wl3;0kTMK4gNFfLXaTb62w1UaJ;1.000
5uU1uuyaUIBOiiUSQG7Wl3;5fhcuVxuBWfgNXGuyAtLmr;1.000
5uU1uuyaUIBOiiUSQG7Wl3;0WtM2NBVQNNJLh6scP13H8;1.000
5uU1uuyaUIBOiiUSQG7Wl3;4cG7HUWYHBV6R6tHn1gxrl;1.000
5uU1uuyaUIBOiiUSQG7Wl3;2eAvDnpXP5W0cVtiI0PUxV;1.000
5uU1uuyaUIBOiiUSQG7Wl3;45bE4HXI0AwGZXfZtMp8JR;1.000
5uU1uuyaUIBOiiUSQG7Wl3;5HCyWlXZPP0y6Gqq8TgA20;1.000
5uU1uuyaUIBOiiUSQG7Wl3;2374M0fQpWi3dLnB54qaLX;1.000
5uU1uuyaUIBOiiUSQG7Wl3;4HlFJV71xXKIGcU3kRyttv;1.000
5uU1uuyaUIBOiiUSQG7Wl3;1KIJclzEbNhSVw8tiHPWwE;1.000
5uU1uuyaUIBOiiUSQG7Wl3;2vWBUC9djv6BtiGlmKiQaH;1.000
5uU1uuyaUIBOiiUSQG7Wl3;4cacyP5c3PMlfnyjpg13xW;1.000
5uU1uuyaUIBOiiUSQG7Wl3;6GomT970rCOkKAyyrwJeZi;1.000
3Wrjm47oTz2sjIgck11l5e;2GThBgzZoZfz0lx1JjBwfe;1.000
3Wrjm47oTz2sjIgck11l5e;2tGvwE8GcFKwNdAXMnlbfl;1.000
3Wrjm47oTz2sjIgck11l5e;6HU7h9RYOaPRFeh0R3UeAr;1.000
3Wrjm47oTz2sjIgck11l5e;4ZtFanR9U6ndgddUvNcjcG;1.000
3Wrjm47oTz2sjIgck11l5e;5CZ40GBx1sQ9agT82CLQCT;1.000
3Wrjm47oTz2sjIgck11l5e;5wANPM4fQCJwkGd4rN57mH;1.000
3Wrjm47oTz2sjIgck11l5e;5O2P9iiztwhomNh8xkR9lJ;1.000
3Wrjm47oTz2sjIgck11l5e;0kTMK4gNFfLXaTb62w1UaJ;1.000
3Wrjm47oTz2sjIgck11l5e;5fhcuVxuBWfgNXGuyAtLmr;1.000
3Wrjm47oTz2sjIgck11l5e;0WtM2NBVQNNJLh6scP13H8;1.000
3Wrjm47oTz2sjIgck11l5e;4cG7HUWYHBV6R6tHn1gxrl;1.000
3Wrjm47oTz2sjIgck11l5e;2eAvDnpXP5W0cVtiI0PUxV;1.000
3Wrjm47oTz2sjIgck11l5e;45bE4HXI0AwGZXfZtMp8JR;1.000
3Wrjm47oTz2sjIgck11l5e;5HCyWlXZPP0y6Gqq8TgA20;1.000
3Wrjm47oTz2sjIgck11l5e;2374M0fQpWi3dLnB54qaLX;1.000
3Wrjm47oTz2sjIgck11l5e;4HlFJV71xXKIGcU3kRyttv;1.000
3Wrjm47oTz2sjIgck11l5e;1KIJclzEbNhSVw8tiHPWwE;1.000
3Wrjm47oTz2sjIgck11l5e;2vWBUC9djv6BtiGlmKiQaH;1.000
3Wrjm47oTz2sjIgck11l5e;4cacyP5c3PMlfnyjpg13xW;1.000
3Wrjm47oTz2sjIgck11l5e;6GomT970rCOkKAyyrwJeZi;1.000
2GThBgzZoZfz0lx1JjBwfe;2tGvwE8GcFKwNdAXMnlbfl;1.000
2GThBgzZoZfz0lx1JjBwfe;6HU7h9RYOaPRFeh0R3UeAr;1.000
2GThBgzZoZfz0lx1JjBwfe;4ZtFanR9U6ndgddUvNcjcG;1.000
2GThBgzZoZfz0lx1JjBwfe;5CZ40GBx1sQ9agT82CLQCT;1.000
2GThBgzZoZfz0lx1JjBwfe;5wANPM4fQCJwkGd4rN57mH;1.000
2GThBgzZoZfz0lx1JjBwfe;5O2P9iiztwhomNh8xkR9lJ;1.000
2GThBgzZoZfz0lx1JjBwfe;0kTMK4gNFfLXaTb62w1UaJ;1.000
2GThBgzZoZfz0lx1JjBwfe;5fhcuVxuBWfgNXGuyAtLmr;1.000
2GThBgzZoZfz0lx1JjBwfe;0WtM2NBVQNNJLh6scP13H8;1.000
2GThBgzZoZfz0lx1JjBwfe;4cG7HUWYHBV6R6tHn1gxrl;1.000
2GThBgzZoZfz0lx1JjBwfe;2eAvDnpXP5W0cVtiI0PUxV;1.000
2GThBgzZoZfz0lx1JjBwfe;45bE4HXI0AwGZXfZtMp8JR;1.000
2GThBgzZoZfz0lx1JjBwfe;5HCyWlXZPP0y6Gqq8TgA20;1.000
2GThBgzZoZfz0lx1JjBwfe;2374M0fQpWi3dLnB54qaLX;1.000
2GThBgzZoZfz0lx1JjBwfe;4HlFJV71xXKIGcU3kRyttv;1.000
2GThBgzZoZfz0lx1JjBwfe;1KIJclzEbNhSVw8tiHPWwE;1.000
2GThBgzZoZfz0lx1JjBwfe;2vWBUC9djv6BtiGlmKiQaH;1.000
2GThBgzZoZfz0lx1JjBwfe;4cacyP5c3PMlfnyjpg13xW;1.000
2GThBgzZoZfz0lx1JjBwfe;6GomT970rCOkKAyyrwJeZi;1.000
2tGvwE8GcFKwNdAXMnlbfl;6HU7h9RYOaPRFeh0R3UeAr;1.000
2tGvwE8GcFKwNdAXMnlbfl;4ZtFanR9U6ndgddUvNcjcG;1.000
2tGvwE8GcFKwNdAXMnlbfl;5CZ40GBx1sQ9agT82CLQCT;1.000
2tGvwE8GcFKwNdAXMnlbfl;5wANPM4fQCJwkGd4rN57mH;1.000
2tGvwE8GcFKwNdAXMnlbfl;5O2P9iiztwhomNh8xkR9lJ;1.000
2tGvwE8GcFKwNdAXMnlbfl;0kTMK4gNFfLXaTb62w1UaJ;1.000
2tGvwE8GcFKwNdAXMnlbfl;5fhcuVxuBWfgNXGuyAtLmr;1.000
2tGvwE8GcFKwNdAXMnlbfl;0WtM2NBVQNNJLh6scP13H8;1.000
2tGvwE8GcFKwNdAXMnlbfl;4cG7HUWYHBV6R6tHn1gxrl;1.000
2tGvwE8GcFKwNdAXMnlbfl;2eAvDnpXP5W0cVtiI0PUxV;1.000
2tGvwE8GcFKwNdAXMnlbfl;45bE4HXI0AwGZXfZtMp8JR;1.000
2tGvwE8GcFKwNdAXMnlbfl;5HCyWlXZPP0y6Gqq8TgA20;1.000
2tGvwE8GcFKwNdAXMnlbfl;2374M0fQpWi3dLnB54qaLX;1.000
2tGvwE8GcFKwNdAXMnlbfl;4HlFJV71xXKIGcU3kRyttv;1.000
2tGvwE8GcFKwNdAXMnlbfl;1KIJclzEbNhSVw8tiHPWwE;1.000
2tGvwE8GcFKwNdAXMnlbfl;2vWBUC9djv6BtiGlmKiQaH;1.000
2tGvwE8GcFKwNdAXMnlbfl;4cacyP5c3PMlfnyjpg13xW;1.000
2tGvwE8GcFKwNdAXMnlbfl;6GomT970rCOkKAyyrwJeZi;1.000
6HU7h9RYOaPRFeh0R3UeAr;4ZtFanR9U6ndgddUvNcjcG;1.000
6HU7h9RYOaPRFeh0R3UeAr;5CZ40GBx1sQ9agT82CLQCT;1.000
6HU7h9RYOaPRFeh0R3UeAr;5wANPM4fQCJwkGd4rN57mH;1.000
6HU7h9RYOaPRFeh0R3UeAr;5O2P9iiztwhomNh8xkR9lJ;1.000
6HU7h9RYOaPRFeh0R3UeAr;0kTMK4gNFfLXaTb62w1UaJ;1.000
6HU7h9RYOaPRFeh0R3UeAr;5fhcuVxuBWfgNXGuyAtLmr;1.000
6HU7h9RYOaPRFeh0R3UeAr;0WtM2NBVQNNJLh6scP13H8;1.000
6HU7h9RYOaPRFeh0R3UeAr;4cG7HUWYHBV6R6tHn1gxrl;1.000
6HU7h9RYOaPRFeh0R3UeAr;2eAvDnpXP5W0cVtiI0PUxV;1.000
6HU7h9RYOaPRFeh0R3UeAr;45bE4HXI0AwGZXfZtMp8JR;1.000
6HU7h9RYOaPRFeh0R3UeAr;5HCyWlXZPP0y6Gqq8TgA20;1.000
6HU7h9RYOaPRFeh0R3UeAr;2374M0fQpWi3dLnB54qaLX;1.000
6HU7h9RYOaPRFeh0R3UeAr;4HlFJV71xXKIGcU3kRyttv;1.000
6HU7h9RYOaPRFeh0R3UeAr;1KIJclzEbNhSVw8tiHPWwE;1.000
6HU7h9RYOaPRFeh0R3UeAr;2vWBUC9djv6BtiGlmKiQaH;1.000
6HU7h9RYOaPRFeh0R3UeAr;4cacyP5c3PMlfnyjpg13xW;1.000
6HU7h9RYOaPRFeh0R3UeAr;6GomT970rCOkKAyyrwJeZi;1.000
4ZtFanR9U6ndgddUvNcjcG;5CZ40GBx1sQ9agT82CLQCT;1.000
4ZtFanR9U6ndgddUvNcjcG;5wANPM4fQCJwkGd4rN57mH;1.000
4ZtFanR9U6ndgddUvNcjcG;5O2P9iiztwhomNh8xkR9lJ;1.000
4ZtFanR9U6ndgddUvNcjcG;0kTMK4gNFfLXaTb62w1UaJ;1.000
4ZtFanR9U6ndgddUvNcjcG;5fhcuVxuBWfgNXGuyAtLmr;1.000
4ZtFanR9U6ndgddUvNcjcG;0WtM2NBVQNNJLh6scP13H8;1.000
4ZtFanR9U6ndgddUvNcjcG;4cG7HUWYHBV6R6tHn1gxrl;1.000
4ZtFanR9U6ndgddUvNcjcG;2eAvDnpXP5W0cVtiI0PUxV;1.000
4ZtFanR9U6ndgddUvNcjcG;45bE4HXI0AwGZXfZtMp8JR;1.000
4ZtFanR9U6ndgddUvNcjcG;5HCyWlXZPP0y6Gqq8TgA20;1.000
4ZtFanR9U6ndgddUvNcjcG;2374M0fQpWi3dLnB54qaLX;1.000
4ZtFanR9U6ndgddUvNcjcG;4HlFJV71xXKIGcU3kRyttv;1.000
4ZtFanR9U6ndgddUvNcjcG;1KIJclzEbNhSVw8tiHPWwE;1.000
4ZtFanR9U6ndgddUvNcjcG;2vWBUC9djv6BtiGlmKiQaH;1.000
4ZtFanR9U6ndgddUvNcjcG;4cacyP5c3PMlfnyjpg13xW;1.000
4ZtFanR9U6ndgddUvNcjcG;6GomT970rCOkKAyyrwJeZi;1.000
5CZ40GBx1sQ9agT82CLQCT;5wANPM4fQCJwkGd4rN57mH;1.000
5CZ40GBx1sQ9agT82CLQCT;5O2P9iiztwhomNh8xkR9lJ;1.000
5CZ40GBx1sQ9agT82CLQCT;0kTMK4gNFfLXaTb62w1UaJ;1.000
5CZ40GBx1sQ9agT82CLQCT;5fhcuVxuBWfgNXGuyAtLmr;1.000
5CZ40GBx1sQ9agT82CLQCT;0WtM2NBVQNNJLh6scP13H8;1.000
5CZ40GBx1sQ9agT82CLQCT;4cG7HUWYHBV6R6tHn1gxrl;1.000
5CZ40GBx1sQ9agT82CLQCT;2eAvDnpXP5W0cVtiI0PUxV;1.000
5CZ40GBx1sQ9agT82CLQCT;45bE4HXI0AwGZXfZtMp8JR;1.000
5CZ40GBx1sQ9agT82CLQCT;5HCyWlXZPP0y6Gqq8TgA20;1.000
5CZ40GBx1sQ9agT82CLQCT;2374M0fQpWi3dLnB54qaLX;1.000
5CZ40GBx1sQ9agT82CLQCT;4HlFJV71xXKIGcU3kRyttv;1.000
5CZ40GBx1sQ9agT82CLQCT;1KIJclzEbNhSVw8tiHPWwE;1.000
5CZ40GBx1sQ9agT82CLQCT;2vWBUC9djv6BtiGlmKiQaH;1.000
5CZ40GBx1sQ9agT82CLQCT;4cacyP5c3PMlfnyjpg13xW;1.000
5CZ40GBx1sQ9agT82CLQCT;6GomT970rCOkKAyyrwJeZi;1.000
5wANPM4fQCJwkGd4rN57mH;5O2P9iiztwhomNh8xkR9lJ;1.000
5wANPM4fQCJwkGd4rN57mH;0kTMK4gNFfLXaTb62w1UaJ;1.000
5wANPM4fQCJwkGd4rN57mH;5fhcuVxuBWfgNXGuyAtLmr;1.000
5wANPM4fQCJwkGd4rN57mH;0WtM2NBVQNNJLh6scP13H8;1.000
5wANPM4fQCJwkGd4rN57mH;4cG7HUWYHBV6R6tHn1gxrl;1.000
5wANPM4fQCJwkGd4rN57mH;2eAvDnpXP5W0cVtiI0PUxV;1.000
5wANPM4fQCJwkGd4rN57mH;45bE4HXI0AwGZXfZtMp8JR;1.000
5wANPM4fQCJwkGd4rN57mH;5HCyWlXZPP0y6Gqq8TgA20;1.000
5wANPM4fQCJwkGd4rN57mH;2374M0fQpWi3dLnB54qaLX;1.000
5wANPM4fQCJwkGd4rN57mH;4HlFJV71xXKIGcU3kRyttv;1.000
5wANPM4fQCJwkGd4rN57mH;1KIJclzEbNhSVw8tiHPWwE;1.000
5wANPM4fQCJwkGd4rN57mH;2vWBUC9djv6BtiGlmKiQaH;1.000
5wANPM4fQCJwkGd4rN57mH;4cacyP5c3PMlfnyjpg13xW;1.000
5wANPM4fQCJwkGd4rN57mH;6GomT970rCOkKAyyrwJeZi;1.000
5O2P9iiztwhomNh8xkR9lJ;0kTMK4gNFfLXaTb62w1UaJ;1.000
5O2P9iiztwhomNh8xkR9lJ;5fhcuVxuBWfgNXGuyAtLmr;1.000
5O2P9iiztwhomNh8xkR9lJ;0WtM2NBVQNNJLh6scP13H8;1.000
5O2P9iiztwhomNh8xkR9lJ;4cG7HUWYHBV6R6tHn1gxrl;1.000
5O2P9iiztwhomNh8xkR9lJ;2eAvDnpXP5W0cVtiI0PUxV;1.000
5O2P9iiztwhomNh8xkR9lJ;45bE4HXI0AwGZXfZtMp8JR;1.000
5O2P9iiztwhomNh8xkR9lJ;5HCyWlXZPP0y6Gqq8TgA20;1.000
5O2P9iiztwhomNh8xkR9lJ;2374M0fQpWi3dLnB54qaLX;1.000
5O2P9iiztwhomNh8xkR9lJ;4HlFJV71xXKIGcU3kRyttv;1.000
5O2P9iiztwhomNh8xkR9lJ;1KIJclzEbNhSVw8tiHPWwE;1.000
5O2P9iiztwhomNh8xkR9lJ;2vWBUC9djv6BtiGlmKiQaH;1.000
5O2P9iiztwhomNh8xkR9lJ;4cacyP5c3PMlfnyjpg13xW;1.000
5O2P9iiztwhomNh8xkR9lJ;6GomT970rCOkKAyyrwJeZi;1.000
0kTMK4gNFfLXaTb62w1UaJ;5fhcuVxuBWfgNXGuyAtLmr;1.000
0kTMK4gNFfLXaTb62w1UaJ;0WtM2NBVQNNJLh6scP13H8;1.000
0kTMK4gNFfLXaTb62w1UaJ;4cG7HUWYHBV6R6tHn1gxrl;1.000
0kTMK4gNFfLXaTb62w1UaJ;2eAvDnpXP5W0cVtiI0PUxV;1.000
0kTMK4gNFfLXaTb62w1UaJ;45bE4HXI0AwGZXfZtMp8JR;1.000
0kTMK4gNFfLXaTb62w1UaJ;5HCyWlXZPP0y6Gqq8TgA20;1.000
0kTMK4gNFfLXaTb62w1UaJ;2374M0fQpWi3dLnB54qaLX;1.000
0kTMK4gNFfLXaTb62w1UaJ;4HlFJV71xXKIGcU3kRyttv;1.000
0kTMK4gNFfLXaTb62w1UaJ;1KIJclzEbNhSVw8tiHPWwE;1.000
0kTMK4gNFfLXaTb62w1UaJ;2vWBUC9djv6BtiGlmKiQaH;1.000
0kTMK4gNFfLXaTb62w1UaJ;4cacyP5c3PMlfnyjpg13xW;1.000
0kTMK4gNFfLXaTb62w1UaJ;6GomT970rCOkKAyyrwJeZi;1.000
5fhcuVxuBWfgNXGuyAtLmr;0WtM2NBVQNNJLh6scP13H8;1.000
5fhcuVxuBWfgNXGuyAtLmr;4cG7HUWYHBV6R6tHn1gxrl;1.000
5fhcuVxuBWfgNXGuyAtLmr;2eAvDnpXP5W0cVtiI0PUxV;1.000
5fhcuVxuBWfgNXGuyAtLmr;45bE4HXI0AwGZXfZtMp8JR;1.000
5fhcuVxuBWfgNXGuyAtLmr;5HCyWlXZPP0y6Gqq8TgA20;1.000
5fhcuVxuBWfgNXGuyAtLmr;2374M0fQpWi3dLnB54qaLX;1.000
5fhcuVxuBWfgNXGuyAtLmr;4HlFJV71xXKIGcU3kRyttv;1.000
5fhcuVxuBWfgNXGuyAtLmr;1KIJclzEbNhSVw8tiHPWwE;1.000
5fhcuVxuBWfgNXGuyAtLmr;2vWBUC9djv6BtiGlmKiQaH;1.000
5fhcuVxuBWfgNXGuyAtLmr;4cacyP5c3PMlfnyjpg13xW;1.000
5fhcuVxuBWfgNXGuyAtLmr;6GomT970rCOkKAyyrwJeZi;1.000
0WtM2NBVQNNJLh6scP13H8;4cG7HUWYHBV6R6tHn1gxrl;1.000
0WtM2NBVQNNJLh6scP13H8;2eAvDnpXP5W0cVtiI0PUxV;1.000
0WtM2NBVQNNJLh6scP13H8;45bE4HXI0AwGZXfZtMp8JR;1.000
0WtM2NBVQNNJLh6scP13H8;5HCyWlXZPP0y6Gqq8TgA20;1.000
0WtM2NBVQNNJLh6scP13H8;2374M0fQpWi3dLnB54qaLX;1.000
0WtM2NBVQNNJLh6scP13H8;4HlFJV71xXKIGcU3kRyttv;1.000
0WtM2NBVQNNJLh6scP13H8;1KIJclzEbNhSVw8tiHPWwE;1.000
0WtM2NBVQNNJLh6scP13H8;2vWBUC9djv6BtiGlmKiQaH;1.000
0WtM2NBVQNNJLh6scP13H8;4cacyP5c3PMlfnyjpg13xW;1.000
0WtM2NBVQNNJLh6scP13H8;6GomT970rCOkKAyyrwJeZi;1.000
4cG7HUWYHBV6R6tHn1gxrl;2eAvDnpXP5W0cVtiI0PUxV;1.000
4cG7HUWYHBV6R6tHn1gxrl;45bE4HXI0AwGZXfZtMp8JR;1.000
4cG7HUWYHBV6R6tHn1gxrl;5HCyWlXZPP0y6Gqq8TgA20;1.000
4cG7HUWYHBV6R6tHn1gxrl;2374M0fQpWi3dLnB54qaLX;1.000
4cG7HUWYHBV6R6tHn1gxrl;4HlFJV71xXKIGcU3kRyttv;1.000
4cG7HUWYHBV6R6tHn1gxrl;1KIJclzEbNhSVw8tiHPWwE;1.000
4cG7HUWYHBV6R6tHn1gxrl;2vWBUC9djv6BtiGlmKiQaH;1.000
4cG7HUWYHBV6R6tHn1gxrl;4cacyP5c3PMlfnyjpg13xW;1.000
4cG7HUWYHBV6R6tHn1gxrl;6GomT970rCOkKAyyrwJeZi;1.000
2eAvDnpXP5W0cVtiI0PUxV;45bE4HXI0AwGZXfZtMp8JR;1.000
2eAvDnpXP5W0cVtiI0PUxV;5HCyWlXZPP0y6Gqq8TgA20;1.000
2eAvDnpXP5W0cVtiI0PUxV;2374M0fQpWi3dLnB54qaLX;1.000
2eAvDnpXP5W0cVtiI0PUxV;4HlFJV71xXKIGcU3kRyttv;1.000
2eAvDnpXP5W0cVtiI0PUxV;1KIJclzEbNhSVw8tiHPWwE;1.000
2eAvDnpXP5W0cVtiI0PUxV;2vWBUC9djv6BtiGlmKiQaH;1.000
2eAvDnpXP5W0cVtiI0PUxV;4cacyP5c3PMlfnyjpg13xW;1.000
2eAvDnpXP5W0cVtiI0PUxV;6GomT970rCOkKAyyrwJeZi;1.000
45bE4HXI0AwGZXfZtMp8JR;5HCyWlXZPP0y6Gqq8TgA20;1.000
45bE4HXI0AwGZXfZtMp8JR;2374M0fQpWi3dLnB54qaLX;1.000
45bE4HXI0AwGZXfZtMp8JR;4HlFJV71xXKIGcU3kRyttv;1.000
45bE4HXI0AwGZXfZtMp8JR;1KIJclzEbNhSVw8tiHPWwE;1.000
45bE4HXI0AwGZXfZtMp8JR;2vWBUC9djv6BtiGlmKiQaH;1.000
45bE4HXI0AwGZXfZtMp8JR;4cacyP5c3PMlfnyjpg13xW;1.000
45bE4HXI0AwGZXfZtMp8JR;6GomT970rCOkKAyyrwJeZi;1.000
5HCyWlXZPP0y6Gqq8TgA20;2374M0fQpWi3dLnB54qaLX;1.000
5HCyWlXZPP0y6Gqq8TgA20;4HlFJV71xXKIGcU3kRyttv;1.000
5HCyWlXZPP0y6Gqq8TgA20;1KIJclzEbNhSVw8tiHPWwE;1.000
5HCyWlXZPP0y6Gqq8TgA20;2vWBUC9djv6BtiGlmKiQaH;1.000
5HCyWlXZPP0y6Gqq8TgA20;4cacyP5c3PMlfnyjpg13xW;1.000
5HCyWlXZPP0y6Gqq8TgA20;6GomT970rCOkKAyyrwJeZi;1.000
2374M0fQpWi3dLnB54qaLX;4HlFJV71xXKIGcU3kRyttv;1.000
2374M0fQpWi3dLnB54qaLX;1KIJclzEbNhSVw8tiHPWwE;1.000
2374M0fQpWi3dLnB54qaLX;2vWBUC9djv6BtiGlmKiQaH;1.000
2374M0fQpWi3dLnB54qaLX;4cacyP5c3PMlfnyjpg13xW;1.000
2374M0fQpWi3dLnB54qaLX;6GomT970rCOkKAyyrwJeZi;1.000
4HlFJV71xXKIGcU3kRyttv;1KIJclzEbNhSVw8tiHPWwE;1.000
4HlFJV71xXKIGcU3kRyttv;2vWBUC9djv6BtiGlmKiQaH;1.000
4HlFJV71xXKIGcU3kRyttv;4cacyP5c3PMlfnyjpg13xW;1.000
4HlFJV71xXKIGcU3kRyttv;6GomT970rCOkKAyyrwJeZi;1.000
1KIJclzEbNhSVw8tiHPWwE;2vWBUC9djv6BtiGlmKiQaH;1.000
1KIJclzEbNhSVw8tiHPWwE;4cacyP5c3PMlfnyjpg13xW;1.000
1KIJclzEbNhSVw8tiHPWwE;6GomT970rCOkKAyyrwJeZi;1.000
2vWBUC9djv6BtiGlmKiQaH;4cacyP5c3PMlfnyjpg13xW;1.000
2vWBUC9djv6BtiGlmKiQaH;6GomT970rCOkKAyyrwJeZi;1.000
4cacyP5c3PMlfnyjpg13xW;6GomT970rCOkKAyyrwJeZi;1.000
