# username;track_id;timestamp
user_0_hvtl;1ei3hzQmrgealgRKFxIcWn;2026-02-20T02:48:21.107403
user_0_hvtl;4jPy3l0RUwlUI9T5XHBW2m;2026-02-09T13:44:52.107403
user_0_hvtl;7iL6o9tox1zgHpKUfh9vuC;2026-04-28T08:11:28.107403
user_0_hvtl;2GiJYvgVaD2HtM8GqD9EgQ;2026-05-01T08:47:31.107403
user_0_hvtl;4jPy3l0RUwlUI9T5XHBW2m;2026-03-09T10:35:16.107403
user_0_hvtl;4jPy3l0RUwlUI9T5XHBW2m;2026-03-18T02:42:09.107403
user_0_hvtl;776AftMmFFAWUIEAb3lHhw;2026-04-29T12:58:24.107403
user_0_hvtl;4jPy3l0RUwlUI9T5XHBW2m;2026-04-25T02:20:44.107403
user_0_hvtl;4jPy3l0RUwlUI9T5XHBW2m;2026-04-09T22:30:33.107403
user_0_hvtl;4jPy3l0RUwlUI9T5XHBW2m;2026-02-12T18:54:27.107403
user_0_hvtl;4jPy3l0RUwlUI9T5XHBW2m;2026-04-11T04:08:35.107403
user_0_hvtl;4jPy3l0RUwlUI9T5XHBW2m;2026-02-08T04:21:55.107403
user_0_hvtl;2tTmW7RDtMQtBk7m2rYeSw;2026-02-21T19:40:17.107403
user_1_bcq2;4jPy3l0RUwlUI9T5XHBW2m;2026-03-31T00:06:09.107403
user_1_bcq2;2vmfvSoZBFAt9hhRoEByLi;2026-04-02T03:19:22.107403
user_1_bcq2;7iL6o9tox1zgHpKUfh9vuC;2026-02-20T15:18:18.107403
user_1_bcq2;4jPy3l0RUwlUI9T5XHBW2m;2026-03-05T00:45:27.107403
user_1_bcq2;7iL6o9tox1zgHpKUfh9vuC;2026-03-25T01:36:26.107403
user_1_bcq2;58HvfVOeJY7lUuCqF0m3ly;2026-04-02T03:04:15.107403
user_1_bcq2;1xzi1Jcr7mEi9K2RfzLOqS;2026-05-04T01:00:02.107403
user_1_bcq2;2vmfvSoZBFAt9hhRoEByLi;2026-02-16T08:36:50.107403
user_1_bcq2;7DbdUf8aHSYoliSjO6LZv6;2026-03-06T06:20:50.107403
user_1_bcq2;7iL6o9tox1zgHpKUfh9vuC;2026-02-16T08:54:22.107403
user_1_bcq2;4jPy3l0RUwlUI9T5XHBW2m;2026-02-12T09:39:02.107403
user_1_bcq2;4jPy3l0RUwlUI9T5XHBW2m;2026-03-07T01:41:18.107403
user_2_1spf;4jPy3l0RUwlUI9T5XHBW2m;2026-04-06T07:56:54.107403
user_2_1spf;5CZ40GBx1sQ9agT82CLQCT;2026-04-19T08:56:52.107403
user_2_1spf;1ei3hzQmrgealgRKFxIcWn;2026-04-27T12:10:07.107403
user_2_1spf;4jPy3l0RUwlUI9T5XHBW2m;2026-04-13T12:44:55.107403
user_2_1spf;2tTmW7RDtMQtBk7m2rYeSw;2026-04-09T23:57:54.107403
user_2_1spf;4jPy3l0RUwlUI9T5XHBW2m;2026-03-17T03:25:22.107403
user_2_1spf;4jPy3l0RUwlUI9T5XHBW2m;2026-04-21T09:24:17.107403
user_2_1spf;1zi7xx7UVEFkmKfv06H8x0;2026-03-28T17:44:11.107403
user_2_1spf;7DbdUf8aHSYoliSjO6LZv6;2026-04-09T09:04:53.107403
user_2_1spf;7DbdUf8aHSYoliSjO6LZv6;2026-04-03T16:04:12.107403
user_2_1spf;4jPy3l0RUwlUI9T5XHBW2m;2026-04-08T21:26:34.107403
user_2_1spf;5ww2BF9slyYgNOk37BlC4u;2026-04-02T06:01:27.107403
user_2_1spf;4jPy3l0RUwlUI9T5XHBW2m;2026-02-27T05:57:33.107403
user_2_1spf;4jPy3l0RUwlUI9T5XHBW2m;2026-04-22T23:43:52.107403
user_2_1spf;1ei3hzQmrgealgRKFxIcWn;2026-04-09T16:05:44.107403
user_2_1spf;7DbdUf8aHSYoliSjO6LZv6;2026-04-14T05:44:31.107403
user_2_1spf;1ei3hzQmrgealgRKFxIcWn;2026-04-21T16:41:53.107403
user_2_1spf;1ei3hzQmrgealgRKFxIcWn;2026-05-02T12:44:39.107403
user_2_1spf;1ei3hzQmrgealgRKFxIcWn;2026-04-22T01:44:28.107403
user_2_1spf;2GiJYvgVaD2HtM8GqD9EgQ;2026-02-06T07:29:03.107403
user_2_1spf;4jPy3l0RUwlUI9T5XHBW2m;2026-04-01T10:42:31.107403
user_2_1spf;7iL6o9tox1zgHpKUfh9vuC;2026-02-20T14:31:25.107403
user_2_1spf;4jPy3l0RUwlUI9T5XHBW2m;2026-03-09T05:37:52.107403
user_2_1spf;4jPy3l0RUwlUI9T5XHBW2m;2026-05-03T11:46:27.107403
user_2_1spf;4xqrdfXkTW4T0RauPLv3WA;2026-02-06T20:39:12.107403
user_2_1spf;4jPy3l0RUwlUI9T5XHBW2m;2026-02-26T02:17:22.107403
user_2_1spf;7ycWLEP1GsNjVvcjawXz3z;2026-04-20T00:52:12.107403
user_2_1spf;4jPy3l0RUwlUI9T5XHBW2m;2026-02-26T11:52:08.107403
user_2_1spf;3kpYJjvM8Ja6btr5hEJLWc;2026-02-28T10:32:38.107403
user_2_1spf;7iL6o9tox1zgHpKUfh9vuC;2026-03-03T09:28:39.107403
user_2_1spf;7DbdUf8aHSYoliSjO6LZv6;2026-03-24T21:15:09.107403
user_2_1spf;7ycWLEP1GsNjVvcjawXz3z;2026-04-20T14:09:43.107403
user_2_1spf;4jPy3l0RUwlUI9T5XHBW2m;2026-03-06T14:56:09.107403
user_2_1spf;7ycWLEP1GsNjVvcjawXz3z;2026-02-27T14:41:47.107403
user_2_1spf;4jPy3l0RUwlUI9T5XHBW2m;2026-02-14T01:21:57.107403
user_2_1spf;4jPy3l0RUwlUI9T5XHBW2m;2026-02-16T21:24:09.107403
user_2_1spf;4Dvkj6JhhA12EX05fT7y2e;2026-05-02T04:00:27.107403
user_2_1spf;0WtM2NBVQNNJLh6scP13H8;2026-02-28T06:26:16.107403
user_2_1spf;4nVBt6MZDDP6tRVdQTgxJg;2026-03-07T23:53:30.107403
user_2_1spf;5jt25aFjW2kNoBqaEVaz5W;2026-04-16T20:17:01.107403
user_2_1spf;2vWBUC9djv6BtiGlmKiQaH;2026-05-05T01:17:40.107403
user_2_1spf;1xzi1Jcr7mEi9K2RfzLOqS;2026-04-08T19:40:42.107403
user_2_1spf;4jPy3l0RUwlUI9T5XHBW2m;2026-03-12T19:57:00.107403
user_2_1spf;4jPy3l0RUwlUI9T5XHBW2m;2026-03-01T20:04:25.107403
user_3_ee3f;7iL6o9tox1zgHpKUfh9vuC;2026-04-23T12:50:15.107403
user_3_ee3f;7iL6o9tox1zgHpKUfh9vuC;2026-02-16T18:19:18.107403
user_3_ee3f;2vmfvSoZBFAt9hhRoEByLi;2026-03-03T15:13:20.107403
user_3_ee3f;7DbdUf8aHSYoliSjO6LZv6;2026-05-04T04:25:43.107403
user_3_ee3f;03a359wbiUsjN9h6yzXvmS;2026-04-14T19:08:42.107403
user_3_ee3f;7iL6o9tox1zgHpKUfh9vuC;2026-03-02T12:50:56.107403
user_3_ee3f;4jPy3l0RUwlUI9T5XHBW2m;2026-03-20T22:18:26.107403
user_3_ee3f;4jPy3l0RUwlUI9T5XHBW2m;2026-02-17T13:04:27.107403
user_3_ee3f;2vmfvSoZBFAt9hhRoEByLi;2026-02-11T01:02:35.107403
user_3_ee3f;4jPy3l0RUwlUI9T5XHBW2m;2026-02-17T11:29:38.107403
user_3_ee3f;7iL6o9tox1zgHpKUfh9vuC;2026-03-22T10:57:10.107403
user_3_ee3f;7iL6o9tox1zgHpKUfh9vuC;2026-03-19T04:38:03.107403
user_3_ee3f;4jPy3l0RUwlUI9T5XHBW2m;2026-03-19T09:55:06.107403
user_3_ee3f;1xzi1Jcr7mEi9K2RfzLOqS;2026-03-31T23:51:24.107403
user_3_ee3f;4jPy3l0RUwlUI9T5XHBW2m;2026-03-29T20:20:07.107403
user_3_ee3f;6XHVuErjQ4XNm6nDPVCxVX;2026-02-26T08:57:34.107403
user_3_ee3f;4jPy3l0RUwlUI9T5XHBW2m;2026-02-24T08:33:37.107403
user_3_ee3f;4jPy3l0RUwlUI9T5XHBW2m;2026-03-04T06:48:07.107403
user_3_ee3f;4jPy3l0RUwlUI9T5XHBW2m;2026-04-05T03:28:05.107403
user_3_ee3f;1xzi1Jcr7mEi9K2RfzLOqS;2026-02-27T20:46:43.107403
user_3_ee3f;7DbdUf8aHSYoliSjO6LZv6;2026-03-04T04:53:04.107403
user_3_ee3f;3B54sVLJ402zGa6Xm4YGNe;2026-03-24T03:48:25.107403
user_3_ee3f;4jPy3l0RUwlUI9T5XHBW2m;2026-04-12T10:53:35.107403
user_3_ee3f;4jPy3l0RUwlUI9T5XHBW2m;2026-02-25T11:24:43.107403
user_3_ee3f;7iL6o9tox1zgHpKUfh9vuC;2026-03-09T18:36:15.107403
user_3_ee3f;4jPy3l0RUwlUI9T5XHBW2m;2026-03-24T14:24:07.107403
user_3_ee3f;4jPy3l0RUwlUI9T5XHBW2m;2026-04-21T19:52:36.107403
user_3_ee3f;2vmfvSoZBFAt9hhRoEByLi;2026-02-24T12:30:59.107403
user_3_ee3f;4jPy3l0RUwlUI9T5XHBW2m;2026-03-10T21:23:42.107403
user_3_ee3f;7iL6o9tox1zgHpKUfh9vuC;2026-03-09T18:22:24.107403
user_3_ee3f;1zi7xx7UVEFkmKfv06H8x0;2026-03-15T16:26:42.107403
user_3_ee3f;1ei3hzQmrgealgRKFxIcWn;2026-03-20T21:37:27.107403
user_3_ee3f;7iL6o9tox1zgHpKUfh9vuC;2026-05-04T18:56:38.107403
user_3_ee3f;4jPy3l0RUwlUI9T5XHBW2m;2026-02-27T21:33:24.107403
user_3_ee3f;7iL6o9tox1zgHpKUfh9vuC;2026-02-10T00:06:27.107403
user_4_0fxu;2vmfvSoZBFAt9hhRoEByLi;2026-02-20T15:16:09.107403
user_4_0fxu;2tTmW7RDtMQtBk7m2rYeSw;2026-03-18T20:15:21.107403
user_4_0fxu;4jPy3l0RUwlUI9T5XHBW2m;2026-03-29T17:41:26.107403
user_4_0fxu;2vmfvSoZBFAt9hhRoEByLi;2026-04-24T04:58:55.107403
user_4_0fxu;7ycWLEP1GsNjVvcjawXz3z;2026-04-17T03:43:22.107403
user_4_0fxu;4jPy3l0RUwlUI9T5XHBW2m;2026-04-09T09:52:40.107403
user_4_0fxu;1xzi1Jcr7mEi9K2RfzLOqS;2026-04-24T09:27:40.107403
user_4_0fxu;4jPy3l0RUwlUI9T5XHBW2m;2026-02-25T12:53:23.107403
user_4_0fxu;4jPy3l0RUwlUI9T5XHBW2m;2026-04-16T01:38:00.107403
user_4_0fxu;7iL6o9tox1zgHpKUfh9vuC;2026-05-04T14:42:24.107403
user_4_0fxu;4jPy3l0RUwlUI9T5XHBW2m;2026-04-07T02:55:37.107403
user_4_0fxu;4jPy3l0RUwlUI9T5XHBW2m;2026-03-12T22:59:35.107403
user_4_0fxu;5fhcuVxuBWfgNXGuyAtLmr;2026-04-21T06:23:07.107403
user_4_0fxu;7iL6o9tox1zgHpKUfh9vuC;2026-03-02T13:36:23.107403
user_4_0fxu;2vmfvSoZBFAt9hhRoEByLi;2026-03-21T11:55:02.107403
user_4_0fxu;58HvfVOeJY7lUuCqF0m3ly;2026-05-01T15:57:27.107403
user_4_0fxu;1xzi1Jcr7mEi9K2RfzLOqS;2026-02-20T08:52:31.107403
user_4_0fxu;4jPy3l0RUwlUI9T5XHBW2m;2026-02-21T19:51:04.107403
user_4_0fxu;7ycWLEP1GsNjVvcjawXz3z;2026-03-11T11:11:22.107403
user_4_0fxu;4jPy3l0RUwlUI9T5XHBW2m;2026-02-13T04:41:51.107403
user_4_0fxu;7iL6o9tox1zgHpKUfh9vuC;2026-02-15T20:16:30.107403
user_4_0fxu;7iL6o9tox1zgHpKUfh9vuC;2026-02-28T20:57:47.107403
user_5_cex2;4jPy3l0RUwlUI9T5XHBW2m;2026-02-16T13:53:48.107403
user_5_cex2;4jPy3l0RUwlUI9T5XHBW2m;2026-02-19T05:54:43.107403
user_5_cex2;7iL6o9tox1zgHpKUfh9vuC;2026-04-04T00:14:40.107403
user_5_cex2;4jPy3l0RUwlUI9T5XHBW2m;2026-05-02T13:20:10.107403
user_5_cex2;7ycWLEP1GsNjVvcjawXz3z;2026-04-30T00:58:39.107403
user_5_cex2;4jPy3l0RUwlUI9T5XHBW2m;2026-02-14T22:14:47.107403
user_5_cex2;7iL6o9tox1zgHpKUfh9vuC;2026-03-21T14:35:49.107403
user_5_cex2;3FAJ6O0NOHQV8Mc5Ri6ENp;2026-03-21T03:15:22.107403
user_5_cex2;7w87IxuO7BDcJ3YUqCyMTT;2026-02-07T10:25:05.107403
user_5_cex2;3GCdLUSnKSMJhs4Tj6CV3s;2026-02-19T17:17:23.107403
user_5_cex2;4jPy3l0RUwlUI9T5XHBW2m;2026-03-10T07:27:09.107403
user_5_cex2;3B54sVLJ402zGa6Xm4YGNe;2026-04-19T00:20:58.107403
user_5_cex2;7iL6o9tox1zgHpKUfh9vuC;2026-02-22T10:28:54.107403
user_5_cex2;2vmfvSoZBFAt9hhRoEByLi;2026-02-19T22:20:46.107403
user_5_cex2;4jPy3l0RUwlUI9T5XHBW2m;2026-04-26T16:18:23.107403
user_5_cex2;4jPy3l0RUwlUI9T5XHBW2m;2026-04-30T21:13:05.107403
user_5_cex2;1ei3hzQmrgealgRKFxIcWn;2026-04-02T15:35:12.107403
user_5_cex2;4jPy3l0RUwlUI9T5XHBW2m;2026-04-17T04:17:19.107403
user_5_cex2;7ycWLEP1GsNjVvcjawXz3z;2026-02-09T09:15:09.107403
user_5_cex2;7qEHsqek33rTcFNT9PFqLf;2026-05-02T02:52:52.107403
user_5_cex2;4jPy3l0RUwlUI9T5XHBW2m;2026-04-18T00:21:41.107403
user_5_cex2;4jPy3l0RUwlUI9T5XHBW2m;2026-04-18T22:48:12.107403
user_5_cex2;03a359wbiUsjN9h6yzXvmS;2026-04-14T16:16:01.107403
user_5_cex2;2vmfvSoZBFAt9hhRoEByLi;2026-02-23T05:35:03.107403
user_5_cex2;03a359wbiUsjN9h6yzXvmS;2026-03-08T21:09:33.107403
user_5_cex2;4woTEX1wYOTGDqNXuavlRC;2026-02-23T01:10:30.107403
user_5_cex2;4jPy3l0RUwlUI9T5XHBW2m;2026-02-17T11:05:28.107403
user_5_cex2;7ycWLEP1GsNjVvcjawXz3z;2026-03-20T14:29:51.107403
user_5_cex2;4jPy3l0RUwlUI9T5XHBW2m;2026-04-22T06:38:47.107403
user_5_cex2;4jPy3l0RUwlUI9T5XHBW2m;2026-02-18T05:21:28.107403
user_5_cex2;4jPy3l0RUwlUI9T5XHBW2m;2026-04-28T21:32:00.107403
user_5_cex2;4jPy3l0RUwlUI9T5XHBW2m;2026-03-15T00:49:37.107403
user_5_cex2;7w87IxuO7BDcJ3YUqCyMTT;2026-02-23T08:36:42.107403
user_5_cex2;03a359wbiUsjN9h6yzXvmS;2026-03-20T17:57:16.107403
user_5_cex2;1ei3hzQmrgealgRKFxIcWn;2026-03-09T15:44:58.107403
user_5_cex2;4jPy3l0RUwlUI9T5XHBW2m;2026-03-25T15:01:28.107403
user_5_cex2;2vmfvSoZBFAt9hhRoEByLi;2026-04-11T22:59:33.107403
user_5_cex2;4jPy3l0RUwlUI9T5XHBW2m;2026-04-01T18:49:04.107403
user_5_cex2;4jPy3l0RUwlUI9T5XHBW2m;2026-04-06T17:43:12.107403
user_5_cex2;7DbdUf8aHSYoliSjO6LZv6;2026-03-21T05:25:07.107403
user_5_cex2;4jPy3l0RUwlUI9T5XHBW2m;2026-02-16T22:08:33.107403
user_5_cex2;4jPy3l0RUwlUI9T5XHBW2m;2026-04-05T04:19:58.107403
user_5_cex2;7iL6o9tox1zgHpKUfh9vuC;2026-02-06T23:38:25.107403
user_6_polj;4jPy3l0RUwlUI9T5XHBW2m;2026-03-05T10:31:06.107403
user_6_polj;4jPy3l0RUwlUI9T5XHBW2m;2026-04-26T01:33:51.107403
user_6_polj;4jPy3l0RUwlUI9T5XHBW2m;2026-04-14T07:24:50.107403
user_6_polj;3B54sVLJ402zGa6Xm4YGNe;2026-04-16T21:21:27.107403
user_6_polj;4jPy3l0RUwlUI9T5XHBW2m;2026-03-31T23:51:16.107403
user_6_polj;7iL6o9tox1zgHpKUfh9vuC;2026-02-15T11:06:14.107403
user_6_polj;5jt25aFjW2kNoBqaEVaz5W;2026-02-16T11:47:24.107403
user_6_polj;7iL6o9tox1zgHpKUfh9vuC;2026-04-07T10:34:20.107403
user_6_polj;4jPy3l0RUwlUI9T5XHBW2m;2026-03-05T08:59:56.107403
user_6_polj;4jPy3l0RUwlUI9T5XHBW2m;2026-03-17T13:34:57.107403
user_6_polj;1ei3hzQmrgealgRKFxIcWn;2026-04-06T14:37:10.107403
user_6_polj;2vmfvSoZBFAt9hhRoEByLi;2026-04-18T11:52:29.107403
user_6_polj;7ycWLEP1GsNjVvcjawXz3z;2026-02-27T19:07:29.107403
user_6_polj;4jPy3l0RUwlUI9T5XHBW2m;2026-04-19T02:32:13.107403
user_6_polj;7ycWLEP1GsNjVvcjawXz3z;2026-04-02T17:14:47.107403
user_6_polj;4jPy3l0RUwlUI9T5XHBW2m;2026-02-27T11:12:32.107403
user_6_polj;4jPy3l0RUwlUI9T5XHBW2m;2026-03-14T10:40:56.107403
user_6_polj;4jPy3l0RUwlUI9T5XHBW2m;2026-03-08T15:06:36.107403
user_6_polj;7iL6o9tox1zgHpKUfh9vuC;2026-02-10T20:47:35.107403
user_6_polj;4jPy3l0RUwlUI9T5XHBW2m;2026-03-04T20:20:53.107403
user_6_polj;5fhcuVxuBWfgNXGuyAtLmr;2026-03-10T01:40:23.107403
user_6_polj;4jPy3l0RUwlUI9T5XHBW2m;2026-02-23T22:11:38.107403
user_6_polj;7DbdUf8aHSYoliSjO6LZv6;2026-04-15T06:55:53.107403
user_6_polj;4jPy3l0RUwlUI9T5XHBW2m;2026-04-09T04:56:17.107403
user_6_polj;7iL6o9tox1zgHpKUfh9vuC;2026-04-27T19:12:13.107403
user_7_pdsa;2tTmW7RDtMQtBk7m2rYeSw;2026-03-06T03:04:30.107403
user_7_pdsa;7iL6o9tox1zgHpKUfh9vuC;2026-03-26T07:52:04.107403
user_7_pdsa;7ycWLEP1GsNjVvcjawXz3z;2026-04-28T08:36:56.107403
user_7_pdsa;4jPy3l0RUwlUI9T5XHBW2m;2026-03-25T06:20:29.107403
user_7_pdsa;5O2P9iiztwhomNh8xkR9lJ;2026-05-01T23:08:41.107403
user_7_pdsa;7ycWLEP1GsNjVvcjawXz3z;2026-03-18T14:27:43.107403
user_7_pdsa;0qOnSQQF0yzuPWsXrQ9paz;2026-04-12T09:01:58.107403
user_7_pdsa;7iL6o9tox1zgHpKUfh9vuC;2026-02-14T06:45:24.107403
user_7_pdsa;4jPy3l0RUwlUI9T5XHBW2m;2026-04-11T17:59:16.107403
user_7_pdsa;7qEHsqek33rTcFNT9PFqLf;2026-02-25T16:44:10.107403
user_8_x912;2tTmW7RDtMQtBk7m2rYeSw;2026-03-23T20:11:03.107403
user_8_x912;4jPy3l0RUwlUI9T5XHBW2m;2026-04-04T14:16:49.107403
user_8_x912;7ycWLEP1GsNjVvcjawXz3z;2026-04-25T02:19:54.107403
user_8_x912;7iL6o9tox1zgHpKUfh9vuC;2026-02-09T15:28:12.107403
user_8_x912;7iL6o9tox1zgHpKUfh9vuC;2026-03-07T05:12:38.107403
user_8_x912;7iL6o9tox1zgHpKUfh9vuC;2026-02-11T04:21:08.107403
user_8_x912;4jPy3l0RUwlUI9T5XHBW2m;2026-04-14T07:24:50.107403
user_8_x912;4jPy3l0RUwlUI9T5XHBW2m;2026-03-13T01:31:04.107403
user_8_x912;7iL6o9tox1zgHpKUfh9vuC;2026-03-24T14:00:58.107403
user_8_x912;6XHVuErjQ4XNm6nDPVCxVX;2026-02-09T01:13:57.107403
user_8_x912;6FE2iI43OZnszFLuLtvvmg;2026-04-21T19:09:28.107403
user_8_x912;7DbdUf8aHSYoliSjO6LZv6;2026-02-27T00:13:05.107403
user_8_x912;4jPy3l0RUwlUI9T5XHBW2m;2026-04-07T06:59:50.107403
user_8_x912;4jPy3l0RUwlUI9T5XHBW2m;2026-03-16T23:04:07.107403
user_8_x912;4jPy3l0RUwlUI9T5XHBW2m;2026-03-13T09:27:09.107403
user_8_x912;4jPy3l0RUwlUI9T5XHBW2m;2026-03-24T17:41:14.107403
user_8_x912;4jPy3l0RUwlUI9T5XHBW2m;2026-02-16T00:21:11.107403
user_8_x912;5jt25aFjW2kNoBqaEVaz5W;2026-04-27T13:30:17.107403
user_8_x912;4xqrdfXkTW4T0RauPLv3WA;2026-03-29T18:18:28.107403
user_8_x912;71mHO4fFmS2Xu5XxZbcRND;2026-04-06T14:14:58.107403
user_8_x912;4jPy3l0RUwlUI9T5XHBW2m;2026-03-06T17:21:28.107403
user_8_x912;6GomT970rCOkKAyyrwJeZi;2026-03-23T06:46:00.107403
user_8_x912;7ycWLEP1GsNjVvcjawXz3z;2026-03-20T22:05:06.107403
user_8_x912;7iL6o9tox1zgHpKUfh9vuC;2026-04-08T20:31:23.107403
user_8_x912;3F5CgOj3wFlRv51JsHbxhe;2026-04-07T16:18:36.107403
user_8_x912;7iL6o9tox1zgHpKUfh9vuC;2026-02-15T18:43:56.107403
user_8_x912;4jPy3l0RUwlUI9T5XHBW2m;2026-04-13T11:46:39.107403
user_8_x912;7ycWLEP1GsNjVvcjawXz3z;2026-03-24T05:49:33.107403
user_9_9wy5;4jPy3l0RUwlUI9T5XHBW2m;2026-04-26T06:04:24.107403
user_9_9wy5;7iL6o9tox1zgHpKUfh9vuC;2026-02-16T03:34:31.107403
user_9_9wy5;4jPy3l0RUwlUI9T5XHBW2m;2026-04-05T05:33:36.107403
user_9_9wy5;4jPy3l0RUwlUI9T5XHBW2m;2026-03-19T09:50:51.107403
user_9_9wy5;4jPy3l0RUwlUI9T5XHBW2m;2026-03-16T11:39:02.107403
user_9_9wy5;2tTmW7RDtMQtBk7m2rYeSw;2026-04-06T03:51:04.107403
user_9_9wy5;7n2FZQsaLb7ZRfRPfEeIvr;2026-03-06T11:31:14.107403
user_9_9wy5;2GiJYvgVaD2HtM8GqD9EgQ;2026-02-17T08:32:00.107403
user_9_9wy5;4jPy3l0RUwlUI9T5XHBW2m;2026-04-21T19:36:29.107403
user_9_9wy5;7iL6o9tox1zgHpKUfh9vuC;2026-04-16T01:26:11.107403
user_9_9wy5;4jPy3l0RUwlUI9T5XHBW2m;2026-04-06T20:12:43.107403
user_9_9wy5;7iL6o9tox1zgHpKUfh9vuC;2026-03-25T17:50:16.107403
user_9_9wy5;7ycWLEP1GsNjVvcjawXz3z;2026-02-14T08:33:17.107403
user_9_9wy5;1IIKrJVP1C9N7iPtG6eOsK;2026-03-27T11:09:18.107403
user_9_9wy5;03a359wbiUsjN9h6yzXvmS;2026-03-06T07:15:08.107403
user_9_9wy5;4jPy3l0RUwlUI9T5XHBW2m;2026-03-31T23:45:28.107403
user_9_9wy5;7ycWLEP1GsNjVvcjawXz3z;2026-03-08T01:45:53.107403
user_9_9wy5;1xzi1Jcr7mEi9K2RfzLOqS;2026-05-04T18:49:14.107403
user_9_9wy5;7iL6o9tox1zgHpKUfh9vuC;2026-03-03T04:00:25.107403
user_9_9wy5;4jPy3l0RUwlUI9T5XHBW2m;2026-02-12T07:26:06.107403
user_9_9wy5;4jPy3l0RUwlUI9T5XHBW2m;2026-04-26T19:34:06.107403
user_9_9wy5;4jPy3l0RUwlUI9T5XHBW2m;2026-03-13T21:29:22.107403
user_9_9wy5;7ycWLEP1GsNjVvcjawXz3z;2026-04-29T10:38:11.107403
user_9_9wy5;4jPy3l0RUwlUI9T5XHBW2m;2026-02-05T14:58:32.107403
user_9_9wy5;4jPy3l0RUwlUI9T5XHBW2m;2026-02-07T04:56:15.107403
user_9_9wy5;7ycWLEP1GsNjVvcjawXz3z;2026-04-05T16:27:24.107403
user_9_9wy5;4jPy3l0RUwlUI9T5XHBW2m;2026-03-21T17:04:21.107403
user_9_9wy5;7DbdUf8aHSYoliSjO6LZv6;2026-02-05T20:41:49.107403
user_9_9wy5;4jPy3l0RUwlUI9T5XHBW2m;2026-04-25T19:12:34.107403
