# username;password_plana;salt
user_0_0h7k;user_0_0h7k1234;3645
user_1_ezbd;user_1_ezbd1234;2694
user_2_01qc;user_2_01qc1234;9323
user_3_x84x;user_3_x84x1234;8997
user_4_uf61;user_4_uf611234;2827
user_5_dl4d;user_5_dl4d1234;5078
user_6_yolk;user_6_yolk1234;7812
user_7_61jf;user_7_61jf1234;1801
user_8_1gys;user_8_1gys1234;8380
user_9_a14r;user_9_a14r1234;3067
user_10_qbc4;user_10_qbc41234;7786
user_11_efbp;user_11_efbp1234;4383
user_12_r9sd;user_12_r9sd1234;2822
user_13_i1ne;user_13_i1ne1234;6916
user_14_z2su;user_14_z2su1234;2026
user_15_q657;user_15_q6571234;4518
user_16_w3sc;user_16_w3sc1234;5203
user_17_nfxe;user_17_nfxe1234;3960
user_18_wxr4;user_18_wxr41234;5486
user_19_45y7;user_19_45y71234;1453
user_20_hcs1;user_20_hcs11234;5358
user_21_3tld;user_21_3tld1234;4048
user_22_os29;user_22_os291234;9831
user_23_75uq;user_23_75uq1234;9857
user_24_jdim;user_24_jdim1234;1490
user_25_a3se;user_25_a3se1234;7780
user_26_nish;user_26_nish1234;2698
user_27_23mw;user_27_23mw1234;4222
user_28_hl59;user_28_hl591234;9868
user_29_laxd;user_29_laxd1234;6001
user_30_r0uz;user_30_r0uz1234;3384
user_31_i9h8;user_31_i9h81234;3591
user_32_vogl;user_32_vogl1234;5820
user_33_1zwz;user_33_1zwz1234;1796
user_34_cie9;user_34_cie91234;6921
user_35_zy8r;user_35_zy8r1234;2017
user_36_u4nh;user_36_u4nh1234;4461
user_37_96ra;user_37_96ra1234;4542
user_38_qsqk;user_38_qsqk1234;3343
user_39_r27t;user_39_r27t1234;9325
user_40_w3c9;user_40_w3c91234;7788
user_41_mx6x;user_41_mx6x1234;2088
user_42_130y;user_42_130y1234;6456
user_43_lxru;user_43_lxru1234;4166
user_44_6aus;user_44_6aus1234;4119
user_45_4wbt;user_45_4wbt1234;5197
user_46_x77f;user_46_x77f1234;7299
user_47_vgex;user_47_vgex1234;5212
user_48_3xht;user_48_3xht1234;2886
user_49_mr2j;user_49_mr2j1234;1554
user_50_o4vc;user_50_o4vc1234;7740
user_51_nrzt;user_51_nrzt1234;8288
user_52_0s8b;user_52_0s8b1234;4039
user_53_pq78;user_53_pq781234;2662
user_54_i5r7;user_54_i5r71234;6725
user_55_7v8t;user_55_7v8t1234;8522
user_56_7qk4;user_56_7qk41234;6519
user_57_uss1;user_57_uss11234;7728
user_58_0afj;user_58_0afj1234;6809
user_59_q7gs;user_59_q7gs1234;6201
user_60_ac4w;user_60_ac4w1234;6286
user_61_xr9v;user_61_xr9v1234;8698
user_62_mwb2;user_62_mwb21234;9340
user_63_fzlx;user_63_fzlx1234;5004
user_64_2blr;user_64_2blr1234;9743
user_65_qaiy;user_65_qaiy1234;8934
user_66_oy3f;user_66_oy3f1234;2637
user_67_jocr;user_67_jocr1234;1977
user_68_r09m;user_68_r09m1234;3663
user_69_dyd1;user_69_dyd11234;6210
user_70_nkru;user_70_nkru1234;1050
user_71_qxe4;user_71_qxe41234;3084
user_72_gwft;user_72_gwft1234;1307
user_73_2qky;user_73_2qky1234;3877
user_74_oijv;user_74_oijv1234;7796
user_75_8xyl;user_75_8xyl1234;9620
user_76_s48s;user_76_s48s1234;9663
user_77_zodp;user_77_zodp1234;7313
user_78_szz7;user_78_szz71234;9290
user_79_9gys;user_79_9gys1234;9855
user_80_zu6r;user_80_zu6r1234;9140
user_81_qaxw;user_81_qaxw1234;7463
user_82_xc4k;user_82_xc4k1234;6314
user_83_b82v;user_83_b82v1234;3167
user_84_ov9o;user_84_ov9o1234;6481
user_85_eid0;user_85_eid01234;8864
user_86_i8u2;user_86_i8u21234;1674
user_87_xofs;user_87_xofs1234;3603
user_88_z89b;user_88_z89b1234;2262
user_89_uc47;user_89_uc471234;1330
user_90_x96q;user_90_x96q1234;1407
user_91_9maw;user_91_9maw1234;9650
user_92_vofz;user_92_vofz1234;2085
user_93_36ut;user_93_36ut1234;1748
user_94_vtnp;user_94_vtnp1234;9743
user_95_afi1;user_95_afi11234;8842
user_96_mq25;user_96_mq251234;1847
user_97_25pk;user_97_25pk1234;9967
user_98_xxxz;user_98_xxxz1234;2702
user_99_1hle;user_99_1hle1234;5653
user_100_i9mz;user_100_i9mz1234;6968
user_101_lpu4;user_101_lpu41234;9011
user_102_huke;user_102_huke1234;2436
user_103_d5ug;user_103_d5ug1234;6604
user_104_0298;user_104_02981234;7955
user_105_wvyw;user_105_wvyw1234;6606
user_106_bo2i;user_106_bo2i1234;8010
user_107_tnqt;user_107_tnqt1234;7191
user_108_ac5d;user_108_ac5d1234;5762
user_109_osvf;user_109_osvf1234;8097
user_110_c7mw;user_110_c7mw1234;6653
user_111_g4js;user_111_g4js1234;8644
user_112_gsrw;user_112_gsrw1234;8536
user_113_sg41;user_113_sg411234;7888
user_114_g2o2;user_114_g2o21234;1802
user_115_1qb7;user_115_1qb71234;5139
user_116_1c5t;user_116_1c5t1234;4954
user_117_9ewd;user_117_9ewd1234;9299
user_118_gt7c;user_118_gt7c1234;9016
user_119_i8dg;user_119_i8dg1234;7442
user_120_3rbi;user_120_3rbi1234;6604
user_121_ow7p;user_121_ow7p1234;8546
user_122_ts0k;user_122_ts0k1234;7767
user_123_4fii;user_123_4fii1234;2094
user_124_rg51;user_124_rg511234;8344
user_125_bl2n;user_125_bl2n1234;7881
user_126_yhd3;user_126_yhd31234;4300
user_127_v3kd;user_127_v3kd1234;3796
user_128_wk8w;user_128_wk8w1234;1413
user_129_jpyy;user_129_jpyy1234;8077
user_130_l1y1;user_130_l1y11234;3621
user_131_db7x;user_131_db7x1234;3201
user_132_cp2e;user_132_cp2e1234;4071
user_133_z1nv;user_133_z1nv1234;5760
user_134_20t5;user_134_20t51234;6735
user_135_op0c;user_135_op0c1234;8494
user_136_vyyq;user_136_vyyq1234;5701
user_137_ovxw;user_137_ovxw1234;7317
user_138_oisz;user_138_oisz1234;3029
user_139_es6e;user_139_es6e1234;8191
user_140_evin;user_140_evin1234;9204
user_141_15mu;user_141_15mu1234;5664
user_142_gz7n;user_142_gz7n1234;7165
user_143_eiwb;user_143_eiwb1234;6110
user_144_wrtz;user_144_wrtz1234;7088
user_145_yrp5;user_145_yrp51234;3547
user_146_wwn4;user_146_wwn41234;9943
user_147_m627;user_147_m6271234;4775
user_148_zl3h;user_148_zl3h1234;5004
user_149_a4s4;user_149_a4s41234;3524
user_150_wnmv;user_150_wnmv1234;2681
user_151_ilbi;user_151_ilbi1234;4457
user_152_3r3f;user_152_3r3f1234;8711
user_153_vvzp;user_153_vvzp1234;3691
user_154_vhy1;user_154_vhy11234;7812
user_155_6xw8;user_155_6xw81234;6627
user_156_3gun;user_156_3gun1234;7914
user_157_f5t4;user_157_f5t41234;9459
user_158_fseb;user_158_fseb1234;8208
user_159_m29s;user_159_m29s1234;1309
user_160_2zyw;user_160_2zyw1234;8181
user_161_7xgx;user_161_7xgx1234;7177
user_162_ynei;user_162_ynei1234;8286
user_163_cpkv;user_163_cpkv1234;1529
user_164_oeee;user_164_oeee1234;4363
user_165_zmc5;user_165_zmc51234;9991
user_166_lmdl;user_166_lmdl1234;8871
user_167_1qkn;user_167_1qkn1234;7915
user_168_ccyi;user_168_ccyi1234;5928
user_169_mfez;user_169_mfez1234;7832
user_170_r7o1;user_170_r7o11234;4402
user_171_vh8z;user_171_vh8z1234;3872
user_172_az3u;user_172_az3u1234;8334
user_173_5zab;user_173_5zab1234;8647
user_174_qjph;user_174_qjph1234;3988
user_175_1gvz;user_175_1gvz1234;7749
user_176_yta1;user_176_yta11234;6363
user_177_2mu5;user_177_2mu51234;3747
user_178_shlu;user_178_shlu1234;8018
user_179_6ip6;user_179_6ip61234;1004
user_180_wncu;user_180_wncu1234;6220
user_181_9h3j;user_181_9h3j1234;6782
user_182_wg1m;user_182_wg1m1234;1509
user_183_n08s;user_183_n08s1234;8412
user_184_9qrs;user_184_9qrs1234;3527
user_185_tfig;user_185_tfig1234;2598
user_186_vy8f;user_186_vy8f1234;9871
user_187_f3ub;user_187_f3ub1234;7607
user_188_is7x;user_188_is7x1234;3558
user_189_wi9q;user_189_wi9q1234;6334
user_190_4ubv;user_190_4ubv1234;8949
user_191_t3pd;user_191_t3pd1234;8343
user_192_faqt;user_192_faqt1234;1058
user_193_sj5r;user_193_sj5r1234;6342
user_194_ha1m;user_194_ha1m1234;8805
user_195_w46w;user_195_w46w1234;7700
user_196_0ln0;user_196_0ln01234;7941
user_197_sb6a;user_197_sb6a1234;6103
user_198_pqlv;user_198_pqlv1234;2052
user_199_tck4;user_199_tck41234;1490
user_200_v4bm;user_200_v4bm1234;6690
user_201_5at2;user_201_5at21234;4584
user_202_qond;user_202_qond1234;7290
user_203_89ju;user_203_89ju1234;8876
user_204_8ozi;user_204_8ozi1234;5653
user_205_pvva;user_205_pvva1234;7465
user_206_q3so;user_206_q3so1234;6588
user_207_pw3o;user_207_pw3o1234;9162
user_208_azld;user_208_azld1234;4005
user_209_00s2;user_209_00s21234;2015
user_210_dybu;user_210_dybu1234;5820
user_211_k6jc;user_211_k6jc1234;9962
user_212_53fq;user_212_53fq1234;1879
user_213_yjqu;user_213_yjqu1234;5114
user_214_gn7y;user_214_gn7y1234;8831
user_215_qekz;user_215_qekz1234;2611
user_216_cj2w;user_216_cj2w1234;6928
user_217_380r;user_217_380r1234;6975
user_218_ks9w;user_218_ks9w1234;3064
user_219_efkf;user_219_efkf1234;7530
user_220_zqwd;user_220_zqwd1234;5686
user_221_f4dk;user_221_f4dk1234;1625
user_222_oer6;user_222_oer61234;8260
user_223_yr5r;user_223_yr5r1234;2432
user_224_dbuo;user_224_dbuo1234;1768
user_225_cvv1;user_225_cvv11234;3438
user_226_qmmk;user_226_qmmk1234;7718
user_227_6gls;user_227_6gls1234;6871
user_228_8uhe;user_228_8uhe1234;4700
user_229_gnch;user_229_gnch1234;9445
user_230_ufar;user_230_ufar1234;9018
user_231_5zsi;user_231_5zsi1234;9434
user_232_kvaz;user_232_kvaz1234;2927
user_233_dbqe;user_233_dbqe1234;2195
user_234_hl28;user_234_hl281234;5199
user_235_cdv1;user_235_cdv11234;3197
user_236_kz5g;user_236_kz5g1234;7350
user_237_fx7o;user_237_fx7o1234;3721
user_238_v4zy;user_238_v4zy1234;5740
user_239_zi12;user_239_zi121234;2923
user_240_v8ey;user_240_v8ey1234;9496
user_241_wnqk;user_241_wnqk1234;3842
user_242_kd9s;user_242_kd9s1234;1487
user_243_owcw;user_243_owcw1234;3402
user_244_y6cl;user_244_y6cl1234;1184
user_245_6qea;user_245_6qea1234;9181
user_246_cgbk;user_246_cgbk1234;6340
user_247_9z7e;user_247_9z7e1234;1938
user_248_4z1d;user_248_4z1d1234;5857
user_249_vj6v;user_249_vj6v1234;6806
user_250_bszf;user_250_bszf1234;5329
user_251_oxq3;user_251_oxq31234;7684
user_252_r74a;user_252_r74a1234;6563
user_253_e9e0;user_253_e9e01234;5228
user_254_fm7e;user_254_fm7e1234;1731
user_255_qhwh;user_255_qhwh1234;7206
user_256_zm9n;user_256_zm9n1234;3541
user_257_7dr2;user_257_7dr21234;9603
user_258_220y;user_258_220y1234;5261
user_259_hdui;user_259_hdui1234;1393
user_260_bqol;user_260_bqol1234;7119
user_261_olsv;user_261_olsv1234;5350
user_262_f3wk;user_262_f3wk1234;1323
user_263_g7x7;user_263_g7x71234;4135
user_264_pn3l;user_264_pn3l1234;1687
user_265_bp3i;user_265_bp3i1234;3410
user_266_i3eo;user_266_i3eo1234;4001
user_267_6jpy;user_267_6jpy1234;3261
user_268_tdrc;user_268_tdrc1234;3774
user_269_c8d1;user_269_c8d11234;4726
user_270_kwh2;user_270_kwh21234;5410
user_271_e5fu;user_271_e5fu1234;7992
user_272_fjcz;user_272_fjcz1234;2029
user_273_qhzt;user_273_qhzt1234;1958
user_274_qm2s;user_274_qm2s1234;9934
user_275_bz36;user_275_bz361234;1599
user_276_qpj0;user_276_qpj01234;5025
user_277_4ptk;user_277_4ptk1234;7041
user_278_q80v;user_278_q80v1234;9757
user_279_wlx1;user_279_wlx11234;3145
user_280_kmfn;user_280_kmfn1234;3609
user_281_38h5;user_281_38h51234;4001
user_282_zzcw;user_282_zzcw1234;9109
user_283_hdi6;user_283_hdi61234;3681
user_284_05qr;user_284_05qr1234;9609
user_285_6r2o;user_285_6r2o1234;2346
user_286_ln6z;user_286_ln6z1234;2721
user_287_bd7g;user_287_bd7g1234;9691
user_288_g871;user_288_g8711234;9504
user_289_ooba;user_289_ooba1234;2360
user_290_34gn;user_290_34gn1234;9427
user_291_1ysc;user_291_1ysc1234;5200
user_292_t6dp;user_292_t6dp1234;8269
user_293_7gno;user_293_7gno1234;3226
user_294_lve5;user_294_lve51234;8422
user_295_j2mt;user_295_j2mt1234;7651
user_296_i50t;user_296_i50t1234;5075
user_297_tift;user_297_tift1234;6866
user_298_7wsb;user_298_7wsb1234;4205
user_299_oh7m;user_299_oh7m1234;5490
user_300_q7c2;user_300_q7c21234;7058
user_301_g6yg;user_301_g6yg1234;9855
user_302_cucy;user_302_cucy1234;6773
user_303_hegd;user_303_hegd1234;5381
user_304_wbsi;user_304_wbsi1234;1827
user_305_vh1f;user_305_vh1f1234;2703
user_306_y8lm;user_306_y8lm1234;9309
user_307_pamb;user_307_pamb1234;3388
user_308_1psq;user_308_1psq1234;7496
user_309_4rk2;user_309_4rk21234;4959
user_310_h3eh;user_310_h3eh1234;1575
user_311_nsx8;user_311_nsx81234;1987
user_312_7orm;user_312_7orm1234;6056
user_313_1jma;user_313_1jma1234;7213
user_314_5ilt;user_314_5ilt1234;5339
user_315_g0e3;user_315_g0e31234;8734
user_316_fpjw;user_316_fpjw1234;1522
user_317_u2g4;user_317_u2g41234;9918
user_318_aub3;user_318_aub31234;9338
user_319_rmu5;user_319_rmu51234;6394
user_320_fa9y;user_320_fa9y1234;1733
user_321_vor6;user_321_vor61234;8535
user_322_3jps;user_322_3jps1234;6681
user_323_0e5s;user_323_0e5s1234;6581
user_324_yvl0;user_324_yvl01234;5308
user_325_g479;user_325_g4791234;7748
user_326_6d4p;user_326_6d4p1234;9325
user_327_vwpp;user_327_vwpp1234;2942
user_328_cm0v;user_328_cm0v1234;4780
user_329_msf6;user_329_msf61234;4817
user_330_jkxa;user_330_jkxa1234;6097
user_331_8b5j;user_331_8b5j1234;9064
user_332_86o4;user_332_86o41234;2630
user_333_5sfq;user_333_5sfq1234;5211
user_334_haep;user_334_haep1234;6127
user_335_wggt;user_335_wggt1234;6900
user_336_t93a;user_336_t93a1234;2157
user_337_1ntw;user_337_1ntw1234;1979
user_338_6jwv;user_338_6jwv1234;9380
user_339_k9zp;user_339_k9zp1234;4739
user_340_ubf2;user_340_ubf21234;2986
user_341_k1co;user_341_k1co1234;6667
user_342_lr7h;user_342_lr7h1234;4848
user_343_4c6r;user_343_4c6r1234;5583
user_344_lfrh;user_344_lfrh1234;1390
user_345_xy99;user_345_xy991234;1030
user_346_f8ul;user_346_f8ul1234;5246
user_347_6hrk;user_347_6hrk1234;7554
user_348_mpw2;user_348_mpw21234;1428
user_349_rgwo;user_349_rgwo1234;4544
user_350_2b4m;user_350_2b4m1234;6208
user_351_m3bf;user_351_m3bf1234;1738
user_352_mcfe;user_352_mcfe1234;6263
user_353_t16v;user_353_t16v1234;1041
user_354_l58m;user_354_l58m1234;3634
user_355_1d5k;user_355_1d5k1234;3696
user_356_jn76;user_356_jn761234;3172
user_357_xegx;user_357_xegx1234;8207
user_358_ob32;user_358_ob321234;2484
user_359_wsb5;user_359_wsb51234;6125
user_360_vz1o;user_360_vz1o1234;1495
user_361_yhag;user_361_yhag1234;8669
user_362_gtjf;user_362_gtjf1234;3465
user_363_iwo8;user_363_iwo81234;4363
user_364_rxom;user_364_rxom1234;5259
user_365_5qz7;user_365_5qz71234;3430
user_366_7qza;user_366_7qza1234;8680
user_367_kxok;user_367_kxok1234;8746
user_368_febi;user_368_febi1234;2337
user_369_65uv;user_369_65uv1234;5052
user_370_8wjb;user_370_8wjb1234;7286
user_371_oaa1;user_371_oaa11234;4437
user_372_2ck3;user_372_2ck31234;2724
user_373_od57;user_373_od571234;7915
user_374_nxzm;user_374_nxzm1234;1987
user_375_ot1a;user_375_ot1a1234;5882
user_376_gb1i;user_376_gb1i1234;6665
user_377_aelv;user_377_aelv1234;8750
user_378_ucvb;user_378_ucvb1234;4627
user_379_wobd;user_379_wobd1234;7130
user_380_ihsr;user_380_ihsr1234;2453
user_381_pet0;user_381_pet01234;4849
user_382_qn31;user_382_qn311234;7064
user_383_3hwi;user_383_3hwi1234;8730
user_384_84r6;user_384_84r61234;5580
user_385_w64l;user_385_w64l1234;2210
user_386_1npg;user_386_1npg1234;8058
user_387_5d46;user_387_5d461234;2709
user_388_8dvt;user_388_8dvt1234;2776
user_389_ot9q;user_389_ot9q1234;3845
user_390_ulml;user_390_ulml1234;5536
user_391_yzbv;user_391_yzbv1234;8236
user_392_92ge;user_392_92ge1234;3066
user_393_xlew;user_393_xlew1234;6800
user_394_w4ux;user_394_w4ux1234;8341
user_395_83fh;user_395_83fh1234;2100
user_396_38by;user_396_38by1234;1924
user_397_vs6l;user_397_vs6l1234;7025
user_398_o4yf;user_398_o4yf1234;7458
user_399_dglb;user_399_dglb1234;6880
user_400_fjgm;user_400_fjgm1234;3078
user_401_shx0;user_401_shx01234;3462
user_402_65bn;user_402_65bn1234;2465
user_403_il4k;user_403_il4k1234;2355
user_404_bciz;user_404_bciz1234;6444
user_405_zdq6;user_405_zdq61234;1059
user_406_6k2x;user_406_6k2x1234;6796
user_407_zhdx;user_407_zhdx1234;8865
user_408_4hve;user_408_4hve1234;7731
user_409_rmrq;user_409_rmrq1234;2964
user_410_vxb8;user_410_vxb81234;7352
user_411_broi;user_411_broi1234;3338
user_412_qcfx;user_412_qcfx1234;4623
user_413_dwl9;user_413_dwl91234;8340
user_414_8lp4;user_414_8lp41234;8856
user_415_0lxz;user_415_0lxz1234;2711
user_416_0i70;user_416_0i701234;6735
user_417_ospm;user_417_ospm1234;2392
user_418_8xom;user_418_8xom1234;5992
user_419_qk5d;user_419_qk5d1234;3388
user_420_cgqe;user_420_cgqe1234;8360
user_421_3ah5;user_421_3ah51234;5351
user_422_89y8;user_422_89y81234;6971
user_423_f26e;user_423_f26e1234;9846
user_424_odvw;user_424_odvw1234;6453
user_425_k4uc;user_425_k4uc1234;1560
user_426_ms4e;user_426_ms4e1234;6398
user_427_mp4g;user_427_mp4g1234;2363
user_428_uet7;user_428_uet71234;2839
user_429_yv2e;user_429_yv2e1234;8096
user_430_hhmy;user_430_hhmy1234;1735
user_431_5izn;user_431_5izn1234;4026
user_432_l8pp;user_432_l8pp1234;6104
user_433_rflq;user_433_rflq1234;9580
user_434_v7lt;user_434_v7lt1234;4190
user_435_fkjq;user_435_fkjq1234;8370
user_436_chtr;user_436_chtr1234;6032
user_437_n79t;user_437_n79t1234;8616
user_438_37s4;user_438_37s41234;8117
user_439_0x8v;user_439_0x8v1234;2223
user_440_n2kf;user_440_n2kf1234;8066
user_441_t3l5;user_441_t3l51234;9864
user_442_p75n;user_442_p75n1234;9153
user_443_4ksu;user_443_4ksu1234;2152
user_444_34iq;user_444_34iq1234;4231
user_445_6hou;user_445_6hou1234;9055
user_446_xu7q;user_446_xu7q1234;7296
user_447_cv6d;user_447_cv6d1234;7714
user_448_41e0;user_448_41e01234;5812
user_449_6g5a;user_449_6g5a1234;2190
user_450_54a0;user_450_54a01234;4018
user_451_bci7;user_451_bci71234;1409
user_452_u54e;user_452_u54e1234;8986
user_453_khid;user_453_khid1234;9428
user_454_0rst;user_454_0rst1234;9854
user_455_nh59;user_455_nh591234;7408
user_456_uput;user_456_uput1234;7752
user_457_3qno;user_457_3qno1234;3227
user_458_v92r;user_458_v92r1234;3779
user_459_6lj2;user_459_6lj21234;6805
user_460_zv6s;user_460_zv6s1234;7955
user_461_4i5g;user_461_4i5g1234;3078
user_462_8v8z;user_462_8v8z1234;7056
user_463_da06;user_463_da061234;2815
user_464_3efn;user_464_3efn1234;3292
user_465_lmlc;user_465_lmlc1234;5288
user_466_04p6;user_466_04p61234;1067
user_467_0ywa;user_467_0ywa1234;7164
user_468_bi9l;user_468_bi9l1234;7581
user_469_8gds;user_469_8gds1234;9032
user_470_mbye;user_470_mbye1234;2867
user_471_z2r3;user_471_z2r31234;9028
user_472_ng83;user_472_ng831234;7313
user_473_outy;user_473_outy1234;3584
user_474_nm9n;user_474_nm9n1234;3617
user_475_31g1;user_475_31g11234;5982
user_476_fzrp;user_476_fzrp1234;4828
user_477_vpel;user_477_vpel1234;7051
user_478_wii9;user_478_wii91234;3669
user_479_aksk;user_479_aksk1234;1205
user_480_fvww;user_480_fvww1234;9463
user_481_3z3r;user_481_3z3r1234;3650
user_482_nn3f;user_482_nn3f1234;7654
user_483_hgdu;user_483_hgdu1234;2355
user_484_c4o6;user_484_c4o61234;6812
user_485_en7a;user_485_en7a1234;3840
user_486_wph7;user_486_wph71234;1750
user_487_p86q;user_487_p86q1234;5713
user_488_aoez;user_488_aoez1234;5275
user_489_73ir;user_489_73ir1234;7227
user_490_t6hu;user_490_t6hu1234;7442
user_491_gtb7;user_491_gtb71234;3621
user_492_ogs6;user_492_ogs61234;6225
user_493_mm2m;user_493_mm2m1234;1297
user_494_44iy;user_494_44iy1234;8359
user_495_5bg5;user_495_5bg51234;2227
user_496_5tgu;user_496_5tgu1234;3534
user_497_1fjq;user_497_1fjq1234;9038
user_498_u0k2;user_498_u0k21234;7414
user_499_ph2s;user_499_ph2s1234;3723
user_500_jrt1;user_500_jrt11234;4016
user_501_ntk8;user_501_ntk81234;6905
user_502_mekk;user_502_mekk1234;8249
user_503_8g62;user_503_8g621234;8353
user_504_4ywd;user_504_4ywd1234;4642
user_505_hic9;user_505_hic91234;9605
user_506_10ad;user_506_10ad1234;1455
user_507_m257;user_507_m2571234;5088
user_508_v5qe;user_508_v5qe1234;6797
user_509_up8e;user_509_up8e1234;2368
user_510_tzyh;user_510_tzyh1234;6011
user_511_9sgp;user_511_9sgp1234;4736
user_512_vmsp;user_512_vmsp1234;1208
user_513_9gsv;user_513_9gsv1234;6905
user_514_and2;user_514_and21234;2783
user_515_z5jr;user_515_z5jr1234;5331
user_516_h6ug;user_516_h6ug1234;4254
user_517_ohij;user_517_ohij1234;1705
user_518_lmne;user_518_lmne1234;6874
user_519_xefp;user_519_xefp1234;8945
user_520_pgoj;user_520_pgoj1234;6801
user_521_ou6n;user_521_ou6n1234;9675
user_522_5muj;user_522_5muj1234;6923
user_523_12z8;user_523_12z81234;7130
user_524_mdvf;user_524_mdvf1234;9814
user_525_56er;user_525_56er1234;6823
user_526_2vg0;user_526_2vg01234;5756
user_527_whqx;user_527_whqx1234;4247
user_528_xa3w;user_528_xa3w1234;1580
user_529_ztiu;user_529_ztiu1234;1594
user_530_xumf;user_530_xumf1234;3706
user_531_8md3;user_531_8md31234;9001
user_532_ub0t;user_532_ub0t1234;5837
user_533_25ts;user_533_25ts1234;6718
user_534_mhid;user_534_mhid1234;3065
user_535_xlhn;user_535_xlhn1234;7615
user_536_x1js;user_536_x1js1234;2800
user_537_5nip;user_537_5nip1234;5117
user_538_uimq;user_538_uimq1234;4948
user_539_6z9y;user_539_6z9y1234;3280
user_540_u5d6;user_540_u5d61234;5747
user_541_tusn;user_541_tusn1234;2400
user_542_wms1;user_542_wms11234;6955
user_543_btm3;user_543_btm31234;2355
user_544_uryh;user_544_uryh1234;4071
user_545_v9p4;user_545_v9p41234;9121
user_546_pb48;user_546_pb481234;1726
user_547_sc5s;user_547_sc5s1234;2960
user_548_i3ok;user_548_i3ok1234;2263
user_549_gtq4;user_549_gtq41234;7093
user_550_yn4f;user_550_yn4f1234;4864
user_551_xbux;user_551_xbux1234;2481
user_552_yb3e;user_552_yb3e1234;3973
user_553_6ahq;user_553_6ahq1234;8095
user_554_qwsz;user_554_qwsz1234;8805
user_555_7mpk;user_555_7mpk1234;6404
user_556_gp1t;user_556_gp1t1234;6271
user_557_dho4;user_557_dho41234;3117
user_558_64po;user_558_64po1234;5512
user_559_22ak;user_559_22ak1234;5809
user_560_3vm8;user_560_3vm81234;9510
user_561_7a4m;user_561_7a4m1234;6378
user_562_2jc7;user_562_2jc71234;1387
user_563_w0fr;user_563_w0fr1234;9907
user_564_12xe;user_564_12xe1234;2958
user_565_4ad0;user_565_4ad01234;2179
user_566_5zcy;user_566_5zcy1234;1188
user_567_jkln;user_567_jkln1234;9308
user_568_znp5;user_568_znp51234;2150
user_569_hft2;user_569_hft21234;9783
user_570_07rv;user_570_07rv1234;3083
user_571_sj7m;user_571_sj7m1234;9998
user_572_fd42;user_572_fd421234;7691
user_573_tw0r;user_573_tw0r1234;7263
user_574_66nm;user_574_66nm1234;6460
user_575_h2ka;user_575_h2ka1234;2804
user_576_br7u;user_576_br7u1234;6413
user_577_dqjy;user_577_dqjy1234;9491
user_578_7fc0;user_578_7fc01234;3482
user_579_cc4r;user_579_cc4r1234;5647
user_580_06n3;user_580_06n31234;7689
user_581_zlw5;user_581_zlw51234;6474
user_582_vq4w;user_582_vq4w1234;8883
user_583_l6sv;user_583_l6sv1234;5353
user_584_dko0;user_584_dko01234;1999
user_585_gnb8;user_585_gnb81234;9294
user_586_74z7;user_586_74z71234;9615
user_587_hfxi;user_587_hfxi1234;9041
user_588_u459;user_588_u4591234;3039
user_589_nwti;user_589_nwti1234;3541
user_590_0yun;user_590_0yun1234;1912
user_591_454j;user_591_454j1234;5858
user_592_o9ko;user_592_o9ko1234;8640
user_593_rbkf;user_593_rbkf1234;2972
user_594_97r0;user_594_97r01234;9871
user_595_6lno;user_595_6lno1234;7598
user_596_3ywq;user_596_3ywq1234;1660
user_597_tn3d;user_597_tn3d1234;8893
user_598_p7yr;user_598_p7yr1234;8609
user_599_buqg;user_599_buqg1234;9520
user_600_dhvn;user_600_dhvn1234;2637
user_601_kfaq;user_601_kfaq1234;4283
user_602_fyws;user_602_fyws1234;9885
user_603_s1pl;user_603_s1pl1234;2568
user_604_8aiq;user_604_8aiq1234;8530
user_605_5zg8;user_605_5zg81234;1723
user_606_vzj5;user_606_vzj51234;7344
user_607_oymn;user_607_oymn1234;4525
user_608_5slb;user_608_5slb1234;7232
user_609_fnb1;user_609_fnb11234;4445
user_610_yn7l;user_610_yn7l1234;1193
user_611_qmuw;user_611_qmuw1234;6595
user_612_xsl6;user_612_xsl61234;4489
user_613_ra7b;user_613_ra7b1234;4610
user_614_189l;user_614_189l1234;8679
user_615_uuhv;user_615_uuhv1234;8253
user_616_mh3r;user_616_mh3r1234;5597
user_617_k9k6;user_617_k9k61234;2194
user_618_3yoi;user_618_3yoi1234;8157
user_619_tz6p;user_619_tz6p1234;4331
user_620_3kba;user_620_3kba1234;9910
user_621_prdc;user_621_prdc1234;1099
user_622_9w7g;user_622_9w7g1234;8875
user_623_1c6h;user_623_1c6h1234;6419
user_624_m30x;user_624_m30x1234;6382
user_625_8b8x;user_625_8b8x1234;2794
user_626_xdx4;user_626_xdx41234;4521
user_627_93zz;user_627_93zz1234;9208
user_628_v6fi;user_628_v6fi1234;5682
user_629_6rn9;user_629_6rn91234;6773
user_630_fplc;user_630_fplc1234;6844
user_631_f4vc;user_631_f4vc1234;7990
user_632_ta7j;user_632_ta7j1234;5976
user_633_w4tz;user_633_w4tz1234;5063
user_634_175d;user_634_175d1234;4499
user_635_rk3y;user_635_rk3y1234;9012
user_636_f366;user_636_f3661234;2217
user_637_2w2d;user_637_2w2d1234;2930
user_638_prdk;user_638_prdk1234;1044
user_639_zoi9;user_639_zoi91234;6405
user_640_mx1q;user_640_mx1q1234;7099
user_641_ebzm;user_641_ebzm1234;9297
user_642_834y;user_642_834y1234;5534
user_643_7oau;user_643_7oau1234;1662
user_644_pepb;user_644_pepb1234;8169
user_645_64nj;user_645_64nj1234;6362
user_646_3zid;user_646_3zid1234;4765
user_647_z21n;user_647_z21n1234;6954
user_648_ehjk;user_648_ehjk1234;6134
user_649_d3lz;user_649_d3lz1234;4775
user_650_tdz2;user_650_tdz21234;2878
user_651_p9p8;user_651_p9p81234;7449
user_652_7zg6;user_652_7zg61234;4192
user_653_ckde;user_653_ckde1234;6452
user_654_6rq6;user_654_6rq61234;7377
user_655_209w;user_655_209w1234;8074
user_656_zuhq;user_656_zuhq1234;7593
user_657_0u5v;user_657_0u5v1234;4307
user_658_apnn;user_658_apnn1234;4670
user_659_8jfq;user_659_8jfq1234;8892
user_660_z3m6;user_660_z3m61234;5352
user_661_d9lb;user_661_d9lb1234;9202
user_662_bc12;user_662_bc121234;8569
user_663_uspa;user_663_uspa1234;4028
user_664_kkre;user_664_kkre1234;5518
user_665_b7z9;user_665_b7z91234;1378
user_666_1fdp;user_666_1fdp1234;2343
user_667_fjjh;user_667_fjjh1234;7542
user_668_ae1m;user_668_ae1m1234;5977
user_669_0qz0;user_669_0qz01234;8814
user_670_vc2j;user_670_vc2j1234;2580
user_671_eu90;user_671_eu901234;7602
user_672_ra4c;user_672_ra4c1234;2987
user_673_ik42;user_673_ik421234;1411
user_674_nao7;user_674_nao71234;4921
user_675_ghrj;user_675_ghrj1234;9617
user_676_484v;user_676_484v1234;9493
user_677_2p12;user_677_2p121234;1210
user_678_wsiu;user_678_wsiu1234;2225
user_679_6g1l;user_679_6g1l1234;5423
user_680_c5r7;user_680_c5r71234;6206
user_681_9int;user_681_9int1234;3022
user_682_eurf;user_682_eurf1234;3537
user_683_qe8r;user_683_qe8r1234;1262
user_684_if7q;user_684_if7q1234;6752
user_685_4i1f;user_685_4i1f1234;6260
user_686_eniz;user_686_eniz1234;6455
user_687_4auy;user_687_4auy1234;9823
user_688_yd9e;user_688_yd9e1234;1604
user_689_mmbp;user_689_mmbp1234;5360
user_690_0cue;user_690_0cue1234;2436
user_691_d0l3;user_691_d0l31234;8720
user_692_9wpw;user_692_9wpw1234;7589
user_693_jc66;user_693_jc661234;5369
user_694_oszq;user_694_oszq1234;7067
user_695_t66g;user_695_t66g1234;8098
user_696_ogbz;user_696_ogbz1234;3484
user_697_5avz;user_697_5avz1234;2114
user_698_9bvp;user_698_9bvp1234;6848
user_699_stid;user_699_stid1234;6784
user_700_qg0r;user_700_qg0r1234;1039
user_701_fdd9;user_701_fdd91234;7068
user_702_jja8;user_702_jja81234;3838
user_703_6rpf;user_703_6rpf1234;7002
user_704_9ueb;user_704_9ueb1234;4143
user_705_lwfp;user_705_lwfp1234;5061
user_706_g68g;user_706_g68g1234;2539
user_707_1agx;user_707_1agx1234;2111
user_708_emi3;user_708_emi31234;2170
user_709_s1p6;user_709_s1p61234;3593
user_710_un3z;user_710_un3z1234;9672
user_711_yy0n;user_711_yy0n1234;9446
user_712_yufd;user_712_yufd1234;2058
user_713_y446;user_713_y4461234;9426
user_714_pum0;user_714_pum01234;9498
user_715_1kgg;user_715_1kgg1234;4947
user_716_cwhm;user_716_cwhm1234;8565
user_717_hur6;user_717_hur61234;1880
user_718_da8b;user_718_da8b1234;2748
user_719_r7gt;user_719_r7gt1234;8296
user_720_wi1u;user_720_wi1u1234;5054
user_721_0t7n;user_721_0t7n1234;2579
user_722_0k8s;user_722_0k8s1234;8701
user_723_gglz;user_723_gglz1234;4321
user_724_yjtm;user_724_yjtm1234;5831
user_725_gpq1;user_725_gpq11234;1499
user_726_tlly;user_726_tlly1234;6733
user_727_q04k;user_727_q04k1234;5901
user_728_9da2;user_728_9da21234;9427
user_729_2ym1;user_729_2ym11234;1029
user_730_xpjl;user_730_xpjl1234;3740
user_731_5dar;user_731_5dar1234;4672
user_732_o9eg;user_732_o9eg1234;8468
user_733_r678;user_733_r6781234;4506
user_734_dfuv;user_734_dfuv1234;4263
user_735_sl20;user_735_sl201234;7296
user_736_1m99;user_736_1m991234;8019
user_737_ud4i;user_737_ud4i1234;7437
user_738_dr5f;user_738_dr5f1234;3265
user_739_2td5;user_739_2td51234;2583
user_740_1f6p;user_740_1f6p1234;7991
user_741_3ky8;user_741_3ky81234;3893
user_742_wcqm;user_742_wcqm1234;7817
user_743_nnh6;user_743_nnh61234;2635
user_744_2uu4;user_744_2uu41234;3727
user_745_3eay;user_745_3eay1234;6065
user_746_fhlc;user_746_fhlc1234;7815
user_747_2e8b;user_747_2e8b1234;2379
user_748_ckru;user_748_ckru1234;8316
user_749_zwm3;user_749_zwm31234;5477
user_750_6yqo;user_750_6yqo1234;2738
user_751_wb3o;user_751_wb3o1234;2388
user_752_vkyx;user_752_vkyx1234;8806
user_753_79si;user_753_79si1234;8157
user_754_c4ko;user_754_c4ko1234;6352
user_755_gvpc;user_755_gvpc1234;7735
user_756_qcmn;user_756_qcmn1234;3140
user_757_nloi;user_757_nloi1234;7156
user_758_i1eb;user_758_i1eb1234;7855
user_759_molt;user_759_molt1234;5990
user_760_pqvw;user_760_pqvw1234;6114
user_761_5qf0;user_761_5qf01234;6656
user_762_7kac;user_762_7kac1234;6673
user_763_insx;user_763_insx1234;1422
user_764_36p4;user_764_36p41234;9228
user_765_424a;user_765_424a1234;4187
user_766_lmcs;user_766_lmcs1234;9517
user_767_z9de;user_767_z9de1234;3417
user_768_p62s;user_768_p62s1234;4625
user_769_ig1m;user_769_ig1m1234;7437
user_770_6n87;user_770_6n871234;4793
user_771_vi1r;user_771_vi1r1234;4506
user_772_479n;user_772_479n1234;2955
user_773_k4ta;user_773_k4ta1234;5701
user_774_bl54;user_774_bl541234;7329
user_775_5i46;user_775_5i461234;4660
user_776_kd0g;user_776_kd0g1234;5097
user_777_fj90;user_777_fj901234;3029
user_778_2ge9;user_778_2ge91234;6647
user_779_31ft;user_779_31ft1234;7408
user_780_mx5a;user_780_mx5a1234;7032
user_781_6fh8;user_781_6fh81234;5339
user_782_5j8k;user_782_5j8k1234;6996
user_783_wotg;user_783_wotg1234;2605
user_784_ffmo;user_784_ffmo1234;5057
user_785_tsqn;user_785_tsqn1234;7850
user_786_pn2p;user_786_pn2p1234;1092
user_787_qrww;user_787_qrww1234;4944
user_788_xezz;user_788_xezz1234;6776
user_789_9ewu;user_789_9ewu1234;8740
user_790_mytt;user_790_mytt1234;3219
user_791_145y;user_791_145y1234;4429
user_792_47by;user_792_47by1234;5464
user_793_z7vh;user_793_z7vh1234;6477
user_794_h04x;user_794_h04x1234;2434
user_795_tcyk;user_795_tcyk1234;5602
user_796_frwn;user_796_frwn1234;8109
user_797_w3lb;user_797_w3lb1234;4352
user_798_qly1;user_798_qly11234;4322
user_799_b0s0;user_799_b0s01234;6928
user_800_92bl;user_800_92bl1234;6430
user_801_1tkj;user_801_1tkj1234;1778
user_802_h4q5;user_802_h4q51234;9731
user_803_yomr;user_803_yomr1234;5000
user_804_umhq;user_804_umhq1234;5834
user_805_8sdy;user_805_8sdy1234;9737
user_806_juhv;user_806_juhv1234;4465
user_807_0wb0;user_807_0wb01234;8673
user_808_9zjx;user_808_9zjx1234;8346
user_809_esar;user_809_esar1234;8858
user_810_66v3;user_810_66v31234;5515
user_811_rokl;user_811_rokl1234;4074
user_812_lgla;user_812_lgla1234;2556
user_813_nv1y;user_813_nv1y1234;8675
user_814_dxg7;user_814_dxg71234;9423
user_815_3nf5;user_815_3nf51234;6694
user_816_rbzw;user_816_rbzw1234;9408
user_817_sh9c;user_817_sh9c1234;1600
user_818_9sdj;user_818_9sdj1234;8358
user_819_b4gj;user_819_b4gj1234;7411
user_820_jbe5;user_820_jbe51234;3191
user_821_i9nd;user_821_i9nd1234;8033
user_822_4kys;user_822_4kys1234;6911
user_823_qgpa;user_823_qgpa1234;9430
user_824_w5rm;user_824_w5rm1234;3798
user_825_s1nj;user_825_s1nj1234;2341
user_826_vbh3;user_826_vbh31234;2356
user_827_bn1v;user_827_bn1v1234;8733
user_828_gqb1;user_828_gqb11234;2059
user_829_tzjg;user_829_tzjg1234;5899
user_830_y24w;user_830_y24w1234;1983
user_831_9cnh;user_831_9cnh1234;5822
user_832_pxjg;user_832_pxjg1234;2226
user_833_0sav;user_833_0sav1234;8773
user_834_ghj9;user_834_ghj91234;2273
user_835_ygrk;user_835_ygrk1234;9548
user_836_xdrt;user_836_xdrt1234;5344
user_837_zis7;user_837_zis71234;3602
user_838_emo4;user_838_emo41234;9369
user_839_u98k;user_839_u98k1234;2828
user_840_h3n7;user_840_h3n71234;4877
user_841_7ae9;user_841_7ae91234;6838
user_842_98w7;user_842_98w71234;9550
user_843_rxn4;user_843_rxn41234;1801
user_844_w4s4;user_844_w4s41234;6231
user_845_bag2;user_845_bag21234;4249
user_846_gy2x;user_846_gy2x1234;8540
user_847_i7ip;user_847_i7ip1234;8160
user_848_j3c2;user_848_j3c21234;4395
user_849_lddk;user_849_lddk1234;2771
user_850_ddwc;user_850_ddwc1234;4356
user_851_r9uu;user_851_r9uu1234;2976
user_852_3uyu;user_852_3uyu1234;6374
user_853_zu5w;user_853_zu5w1234;9370
user_854_ggwy;user_854_ggwy1234;4732
user_855_reeg;user_855_reeg1234;2574
user_856_cq8q;user_856_cq8q1234;9517
user_857_8dz2;user_857_8dz21234;6331
user_858_5n4s;user_858_5n4s1234;4474
user_859_d0bg;user_859_d0bg1234;8437
user_860_djfu;user_860_djfu1234;1556
user_861_3l9a;user_861_3l9a1234;2696
user_862_mhkw;user_862_mhkw1234;2209
user_863_fja7;user_863_fja71234;3216
user_864_2j69;user_864_2j691234;6660
user_865_dbd0;user_865_dbd01234;3217
user_866_f6sk;user_866_f6sk1234;5032
user_867_q2sc;user_867_q2sc1234;9775
user_868_m6jk;user_868_m6jk1234;6004
user_869_irfw;user_869_irfw1234;7916
user_870_7fiv;user_870_7fiv1234;2480
user_871_c1iy;user_871_c1iy1234;9290
user_872_6vuz;user_872_6vuz1234;8469
user_873_xbj1;user_873_xbj11234;5216
user_874_bgqt;user_874_bgqt1234;7792
user_875_n6mh;user_875_n6mh1234;5684
user_876_ebaz;user_876_ebaz1234;6531
user_877_39a5;user_877_39a51234;4705
user_878_krwu;user_878_krwu1234;2723
user_879_p893;user_879_p8931234;8923
user_880_05y0;user_880_05y01234;3581
user_881_s035;user_881_s0351234;5781
user_882_42pp;user_882_42pp1234;2028
user_883_bjz7;user_883_bjz71234;4882
user_884_dtsf;user_884_dtsf1234;8410
user_885_mijq;user_885_mijq1234;3357
user_886_5h8w;user_886_5h8w1234;2747
user_887_h011;user_887_h0111234;1389
user_888_a235;user_888_a2351234;2294
user_889_1hex;user_889_1hex1234;1669
user_890_rn36;user_890_rn361234;2417
user_891_fa3v;user_891_fa3v1234;2094
user_892_5tfd;user_892_5tfd1234;4264
user_893_snr4;user_893_snr41234;1326
user_894_ehyb;user_894_ehyb1234;2829
user_895_gdlc;user_895_gdlc1234;8749
user_896_u5ds;user_896_u5ds1234;1663
user_897_4a20;user_897_4a201234;1737
user_898_685z;user_898_685z1234;8146
user_899_axej;user_899_axej1234;1146
user_900_g64h;user_900_g64h1234;4084
user_901_rqed;user_901_rqed1234;5744
user_902_ljoj;user_902_ljoj1234;8221
user_903_uj0p;user_903_uj0p1234;5623
user_904_ebaq;user_904_ebaq1234;7712
user_905_n5ke;user_905_n5ke1234;3799
user_906_8724;user_906_87241234;9347
user_907_p2dg;user_907_p2dg1234;8605
user_908_7inq;user_908_7inq1234;4040
user_909_ha96;user_909_ha961234;2101
user_910_8w8l;user_910_8w8l1234;7255
user_911_h3gm;user_911_h3gm1234;2511
user_912_6bez;user_912_6bez1234;7985
user_913_z4pi;user_913_z4pi1234;6479
user_914_bkxr;user_914_bkxr1234;7067
user_915_r65j;user_915_r65j1234;5119
user_916_13kw;user_916_13kw1234;4651
user_917_lqhl;user_917_lqhl1234;1230
user_918_t5sa;user_918_t5sa1234;3156
user_919_0ss5;user_919_0ss51234;9248
user_920_22s9;user_920_22s91234;2981
user_921_tzi6;user_921_tzi61234;5105
user_922_p2ij;user_922_p2ij1234;6867
user_923_doox;user_923_doox1234;6038
user_924_mszv;user_924_mszv1234;2189
user_925_9z68;user_925_9z681234;5475
user_926_xia6;user_926_xia61234;2041
user_927_5xpl;user_927_5xpl1234;5319
user_928_wvcu;user_928_wvcu1234;5920
user_929_6y4b;user_929_6y4b1234;3007
user_930_mzv5;user_930_mzv51234;3140
user_931_19e2;user_931_19e21234;6848
user_932_mgox;user_932_mgox1234;6813
user_933_xcsy;user_933_xcsy1234;8201
user_934_5plf;user_934_5plf1234;7897
user_935_3g9l;user_935_3g9l1234;4277
user_936_jgep;user_936_jgep1234;2197
user_937_jbv0;user_937_jbv01234;3457
user_938_o23c;user_938_o23c1234;9015
user_939_m823;user_939_m8231234;2381
user_940_jzmq;user_940_jzmq1234;1206
user_941_gor7;user_941_gor71234;5022
user_942_bydw;user_942_bydw1234;3393
user_943_fbc6;user_943_fbc61234;1753
user_944_k5pp;user_944_k5pp1234;1074
user_945_lnbz;user_945_lnbz1234;3945
user_946_1mrz;user_946_1mrz1234;5297
user_947_uqpr;user_947_uqpr1234;4136
user_948_s3su;user_948_s3su1234;6357
user_949_9rwj;user_949_9rwj1234;9795
user_950_s6vh;user_950_s6vh1234;2437
user_951_2d75;user_951_2d751234;1618
user_952_20i9;user_952_20i91234;2377
user_953_uqdf;user_953_uqdf1234;1526
user_954_gmja;user_954_gmja1234;7136
user_955_m8x4;user_955_m8x41234;1020
user_956_5pqj;user_956_5pqj1234;8880
user_957_kja1;user_957_kja11234;4165
user_958_8edy;user_958_8edy1234;6283
user_959_tqsd;user_959_tqsd1234;5523
user_960_4bcm;user_960_4bcm1234;5901
user_961_4jsc;user_961_4jsc1234;8191
user_962_u9oa;user_962_u9oa1234;7717
user_963_5utg;user_963_5utg1234;6708
user_964_2dl9;user_964_2dl91234;5327
user_965_8vx0;user_965_8vx01234;2428
user_966_s8i0;user_966_s8i01234;7273
user_967_k8hj;user_967_k8hj1234;4723
user_968_qg14;user_968_qg141234;5446
user_969_6o5w;user_969_6o5w1234;8842
user_970_t50u;user_970_t50u1234;4251
user_971_slf7;user_971_slf71234;8784
user_972_tdsy;user_972_tdsy1234;4334
user_973_voww;user_973_voww1234;2128
user_974_i9y7;user_974_i9y71234;9138
user_975_u7qa;user_975_u7qa1234;3435
user_976_kkde;user_976_kkde1234;6181
user_977_5ehi;user_977_5ehi1234;9561
user_978_ooz3;user_978_ooz31234;8496
user_979_gjlv;user_979_gjlv1234;1984
user_980_ygej;user_980_ygej1234;1303
user_981_l4ae;user_981_l4ae1234;8785
user_982_b084;user_982_b0841234;4655
user_983_8uam;user_983_8uam1234;4852
user_984_kekc;user_984_kekc1234;6149
user_985_8aar;user_985_8aar1234;3030
user_986_s426;user_986_s4261234;1903
user_987_ayk9;user_987_ayk91234;3006
user_988_kp3y;user_988_kp3y1234;8617
user_989_0chv;user_989_0chv1234;1140
user_990_px4t;user_990_px4t1234;7662
user_991_omex;user_991_omex1234;9476
user_992_48s2;user_992_48s21234;8901
user_993_spss;user_993_spss1234;7602
user_994_gcfr;user_994_gcfr1234;3303
user_995_4kxz;user_995_4kxz1234;3437
user_996_m76r;user_996_m76r1234;4003
user_997_obze;user_997_obze1234;1930
user_998_wuw6;user_998_wuw61234;5878
user_999_hrj6;user_999_hrj61234;2506
